--user
INSERT INTO users (id, username, created_at) VALUES ('demo-user-id', 'demo', '2024-05-04 17:33:08.703237 +00:00');

--wallet
INSERT INTO wallets (id, name, created_by, created_at) VALUES ('ed06b367-e26e-4d4e-9b2e-3b86e55ab77e', 'Demo wallet', 'demo-user-id', '2024-05-04 17:33:19.303850 +00:00');

--wallet-users
INSERT INTO wallet_users (wallet, "user", added_at) VALUES ('ed06b367-e26e-4d4e-9b2e-3b86e55ab77e', 'demo-user-id', '2024-05-04 17:33:19.303850 +00:00');
UPDATE users set wallet = 'ed06b367-e26e-4d4e-9b2e-3b86e55ab77e' where id = 'demo-user-id';

--wallet icons
INSERT INTO icons (wallet, id, content_type, content, tags) VALUES ('ed06b367-e26e-4d4e-9b2e-3b86e55ab77e', '6995122e980611a5f3b9b79ee93490befc2dcf0e778db1815e1ceb1c74d3653a', 'image/png', 'iVBORw0KGgoAAAANSUhEUgAAAOEAAADhCAMAAAAJbSJIAAAAZlBMVEUzMzPwuQv1vQkrLjQuMDPXpxLyuwonLDQjKTQ8OTEwMjLirw/uuAtxXilIQS85NzJqWSpBPTBfUS1VSy42NTLoswxaTi0gKDXJnRXTpBJMRC/BlxeJbyUXIzVuXCo/OzFkVCx2YSm395DeAAAFKklEQVR4nO2d63baMBCEARtjTBqSBpoAbdO+/0vWNja+aaV1aoO0O9/f4HM80Y52dbG0WAAAAAAAAAAAAAAAAAAAAAAAAABfI0uzR7/CvMSHyyF+9EvMSbRfr9b76NGvMR/xdr1artZbsa0YL3KBy1ziQqjEOCsFFhIzkRKjbSWwkLgV6MV4fxNYSNyLa8VbiC6FBmp06AgsJB5EBWrLg41ESV6M+y1YtaKYQO15UJ4XDSEqK1BjSuBSSAFHhKicQK1qUVpi6DUq6UEpXuyUapTEkAs4qwcleDFyt2DVioEGqiVNDLwYZCsaSzVKYogFHMuDjcTwvOhME4NADcyLbA+2JAbViqNCtJYYUqCO6GTaEsPpbkZ6sJEYihcZpRolMYwC7gsebCSG4EVmqUa2oveBOjpN9CX6njQcA16ORL+HxP/hwUaiz15kpInE+R/wOWkw0kRy/JkkTom+Jg1GiCZP3399Y0j0M1AHiy8mgT82i/Q3Q6KPyzYcDy7fNvkv05eVW6J/XmQU23mIbsrfppxA9a0M53lwU/2aJdEvLzJKtdKDNekLp0f1KFAZpVpHIFOiPwXcuBC9ElSgMmrRZNkTWEhk9Kh+1KicNPH01hfIDVQPvDjegzWs1O+BF98/RnuwhuPFj/c76xkSPx/tr0m0YIGzFZPj8+PbcBE972ytWJVqZhwF3Gr37IEPc4nnHf2aZIhesQZqsjt7ITCX+EoGqiFNdLEkjeT46onAQiIRqMY00YVMGqudPwLJQLV0Mg1Ed+NPiF7Ju5vhazo8WGP0YuJJJ9Ng8CJToFGiTx6sGXiR4cGagRf98mBNz4vsFizotaJvHqzpBOoogT2Jjw/RODKXUnmgJjeBRC9KPdvqURMqRCPi2cmJPz/+mF//VsCRpVp0PhEBeCvgyFIt/Xv6vIvEYsBLtVCVNMgQzb26ojxWBSqZJvJWvs+QuJyyIPvJ0otkqVb2t2Q/WRZwpAfL/vYeExvViN4qwirf0pHkIuzy7zHqv43oLYG4pv5S1z10IH5zhPD8o/7WrBrZmcQZ0RM240iyM4mIme7WOHLeQO0svrDK6tazr62CgEwIZjrF+ZzLNr1ZtVFJvVe3jkrqvYpnPi8OFl9GSBwMr0YUZoPCfK5lG8PMNru4NgyR2cW1YYg8jxeNiy/MVjROczAD1Th6nGPZhpj4ZUk0Do+Zg1xiqmr6pEEuvjB6VEIgSyI5ozp1oFoWX5xeJKepGF60rG1MW6NaF18cE4aWqUanF63rU1MmDcc+GasXrdPFjqThWNeYbt9N5tqEkBdw1GvGZ+uUfxGoZ+o1I9eejTwvTnOMSHpxfrt0JN/y5Hz2RPx3sk/3ytQlnUSh/DaU70MFfamCfKigplFQlyoYWygYHxrH+OyZmiDG+ArmaRTMtSmYL1Uw561g3ULB2pOC9UMFa8AK1vEpBO3FMCN+P434PVHi97WJ35sofn+p+D3C4vd5i9+rL/57C/nfzCj47kn8t2vyvz9U8A2pgu+AFXzLreB7fAVnKig4F0PB2SYKzqdRcMaQgnOiFJz1peC8NgVn7ik4N1HB2ZcKzi9VcAatgnOEFZwFreA8bwVnsis4V1/B3QgK7rdQcEeJgntmFNwVpOC+JwV3dim4d03B3XkK7j9UcIelgntIFdwlq+A+YAV3Oiu4l1vB3eodL0rzYM0tUCWG6JWqRpVQi1KUBZyUUs1MMeoPeETPIT5cJFUyJrJ0osM6AAAAAAAAAAAAAAAAAAAAAAAAKOQfUZliHlImaHIAAAAASUVORK5CYII=', '{accounts}');
INSERT INTO icons (wallet, id, content_type, content, tags) VALUES ('ed06b367-e26e-4d4e-9b2e-3b86e55ab77e', '7159a16eb189508d20f364d849ad67367b2723d6959b02ef82e8781a99e21e9e', 'image/svg+xml', 'PD94bWwgdmVyc2lvbj0iMS4wIiBlbmNvZGluZz0idXRmLTgiPz4KPCEtLSBHZW5lcmF0b3I6IEFkb2JlIElsbHVzdHJhdG9yIDE5LjIuMCwgU1ZHIEV4cG9ydCBQbHVnLUluIC4gU1ZHIFZlcnNpb246IDYuMDAgQnVpbGQgMCkgIC0tPgo8c3ZnIHZlcnNpb249IjEuMSIgaWQ9IkxheWVyXzEiIHhtbG5zPSJodHRwOi8vd3d3LnczLm9yZy8yMDAwL3N2ZyIgeG1sbnM6eGxpbms9Imh0dHA6Ly93d3cudzMub3JnLzE5OTkveGxpbmsiIHg9IjBweCIgeT0iMHB4IgoJIHZpZXdCb3g9IjAgMCA5NjAgOTYwIiBzdHlsZT0iZW5hYmxlLWJhY2tncm91bmQ6bmV3IDAgMCA5NjAgOTYwOyIgeG1sOnNwYWNlPSJwcmVzZXJ2ZSI+CjxzdHlsZSB0eXBlPSJ0ZXh0L2NzcyI+Cgkuc3Qwe2ZpbGw6IzM1QTgzRjt9Cgkuc3Qxe2ZpbGw6IzAyODczRTt9Cgkuc3Qye2ZpbGw6IzM5QjU0QTt9Cgkuc3Qze2ZpbGw6IzAwOTI0NTt9Cgkuc3Q0e2ZpbGw6I0ZGRUQ2Qzt9Cgkuc3Q1e2ZpbGw6I0ZGRDM0NTt9Cgkuc3Q2e2ZpbGw6I0ZCQjAzQjt9Cjwvc3R5bGU+CjxnPgoJPGc+CgkJCgkJCTxyZWN0IHg9IjM4Ny41IiB5PSIxODEuMSIgdHJhbnNmb3JtPSJtYXRyaXgoNi43MjI5MDBlLTAyIC0wLjk5NzcgMC45OTc3IDYuNzIyOTAwZS0wMiA0OC4zMDc4IDk1MC41NDE5KSIgY2xhc3M9InN0MCIgd2lkdGg9IjI5MC4xIiBoZWlnaHQ9IjUzNi43Ii8+CgkJPHBhdGggY2xhc3M9InN0MSIgZD0iTTc5MSwzODIuN2MtMjEuOS02LjktMzguNC0yNS40LTQyLjgtNDcuOUwzMzQsMzA2LjljLTcuNCwyMS43LTI2LjEsMzcuOC00OC44LDQxLjdMMjc0LjQsNTEwCgkJCWMyMy45LDcuNSw0MS4zLDI4LjgsNDMuNiw1NC4xbDQxMS42LDI3LjdjNS43LTI0LjcsMjUuOC00My40LDUwLjUtNDcuN0w3OTEsMzgyLjd6Ii8+CgkJCgkJCTxlbGxpcHNlIHRyYW5zZm9ybT0ibWF0cml4KDYuNzIyOTAwZS0wMiAtMC45OTc3IDAuOTk3NyA2LjcyMjkwMGUtMDIgNDguMjY0OSA5NTAuNTI1NSkiIGNsYXNzPSJzdDAiIGN4PSI1MzIuNSIgY3k9IjQ0OS40IiByeD0iMTEzLjkiIHJ5PSIxMTMuOSIvPgoJCTxnPgoJCQk8cGF0aCBjbGFzcz0ic3QxIiBkPSJNNTIxLjEsNTMwLjJsMS4zLTE4LjZjLTEzLjEtMS41LTI1LjUtNS44LTMyLjctMTAuNmw3LjQtMjIuNWM3LjksNSwxOS4yLDkuOSwzMS45LDEwLjgKCQkJCWMxMS4xLDAuOCwxOS4xLTMsMTkuNi0xMC45YzAuNS03LjQtNS40LTEyLjUtMTkuNi0xOC40Yy0yMC40LTguNC0zNC0xOS4yLTMyLjgtMzguMWMxLjItMTcuMiwxNC4yLTI5LjksMzUuNC0zMi42bDEuMy0xOC42CgkJCQlsMTkuMiwxLjNsLTEuMiwxNy4yYzEzLjEsMS41LDIxLjcsNC44LDI3LjksOC40bC03LjIsMjEuN2MtNC45LTIuNS0xMy42LTcuNi0yNy43LTguNWMtMTIuNy0wLjktMTcuMiw0LjMtMTcuNSw5LjgKCQkJCWMtMC40LDYuNCw2LjEsMTEsMjIuMywxOC40YzIyLjcsOS44LDMxLjQsMjEuMiwzMC4yLDM4LjdjLTEuMiwxNy40LTE0LjUsMzEuNC0zNy4yLDMzLjhsLTEuMywxOS45TDUyMS4xLDUzMC4yeiIvPgoJCTwvZz4KCTwvZz4KCTxnPgoJCQoJCQk8cmVjdCB4PSIxNjYiIHk9IjE5Ni4zIiB0cmFuc2Zvcm09Im1hdHJpeCgwLjk5MjIgLTAuMTI0NCAwLjEyNDQgMC45OTIyIC0zOS4wODg2IDU2LjY4NTgpIiBjbGFzcz0ic3QyIiB3aWR0aD0iNTM2LjciIGhlaWdodD0iMjkwLjEiLz4KCQk8cGF0aCBjbGFzcz0ic3QzIiBkPSJNNjc1LjMsMjI2LjVjLTIyLjgtMi42LTQyLjUtMTcuNi01MS4xLTM4LjhsLTQxMS45LDUxLjZjLTMuMSwyMi43LTE4LjQsNDIuMS0zOS45LDUwLjNMMTkyLjUsNDUwCgkJCWMyNC45LDIuOCw0NiwyMC40LDUzLjIsNDQuN0w2NTUsNDQzLjRjMC45LTI1LjMsMTctNDcuNiw0MC41LTU2LjVMNjc1LjMsMjI2LjV6Ii8+CgkJCgkJCTxlbGxpcHNlIHRyYW5zZm9ybT0ibWF0cml4KDAuOTkyMiAtMC4xMjQ0IDAuMTI0NCAwLjk5MjIgLTM5LjA4MzcgNTYuNjc4NSkiIGNsYXNzPSJzdDIiIGN4PSI0MzQuMyIgY3k9IjM0MS4zIiByeD0iMTEzLjkiIHJ5PSIxMTMuOSIvPgoJCTxnPgoJCQk8cGF0aCBjbGFzcz0ic3QzIiBkPSJNNDM4LjUsNDIyLjdsLTIuMy0xOC41Yy0xMy4xLDEtMjYuMi0wLjktMzQuMS00LjJsMy0yMy41YzguNywzLjQsMjAuNyw2LjEsMzMuMyw0LjUKCQkJCWMxMS4xLTEuNCwxOC4xLTYuNiwxNy4xLTE0LjRjLTAuOS03LjQtNy43LTExLjMtMjIuNy0xNC4zYy0yMS43LTQuNC0zNy4xLTEyLjMtMzkuNC0zMS4yYy0yLjEtMTcuMSw4LjItMzIsMjguNS0zOC43bC0yLjMtMTguNQoJCQkJbDE5LTIuNGwyLjEsMTcuMWMxMy4xLTEsMjIuMiwwLjYsMjksMi45bC0yLjksMjIuN2MtNS4zLTEuNS0xNC44LTQuOS0yOC44LTMuMWMtMTIuNiwxLjYtMTYsNy41LTE1LjQsMTMKCQkJCWMwLjgsNi40LDguMSw5LjYsMjUuNCwxMy44YzI0LjIsNS4zLDM0LjgsMTQuOCwzNywzMi4zYzIuMiwxNy4zLTguMiwzMy42LTMwLjEsNDAuM2wyLjUsMTkuOEw0MzguNSw0MjIuN3oiLz4KCQk8L2c+Cgk8L2c+Cgk8Zz4KCQkKCQkJPGVsbGlwc2UgdHJhbnNmb3JtPSJtYXRyaXgoMC45MTQ4IC0wLjQwMzkgMC40MDM5IDAuOTE0OCAtMjQ3LjU1MzcgMjI1Ljk4ODkpIiBjbGFzcz0ic3Q0IiBjeD0iNDExLjkiIGN5PSI2OTkuOCIgcng9Ijk2LjEiIHJ5PSI5Ni4xIi8+CgkJCgkJCTxlbGxpcHNlIHRyYW5zZm9ybT0ibWF0cml4KDAuOTE0OCAtMC40MDM5IDAuNDAzOSAwLjkxNDggLTI0Ny41NTM3IDIyNS45ODg5KSIgY2xhc3M9InN0NSIgY3g9IjQxMS45IiBjeT0iNjk5LjgiIHJ4PSI3Mi4zIiByeT0iNzIuMyIvPgoJCTxwYXRoIGNsYXNzPSJzdDYiIGQ9Ik0zNTMuOCw3MzQuNWMtMTYuMS0zNi41LDAuNC03OS4yLDM2LjktOTUuM2MyMi4yLTkuOCw0Ni42LTcuNSw2NS45LDRjLTIwLjMtMTYtNDguNi0yMC42LTczLjktOS40CgkJCWMtMzYuNSwxNi4xLTUzLDU4LjgtMzYuOSw5NS4zYzYuMywxNC4zLDE2LjgsMjUuNSwyOS4zLDMzQzM2Ni4yLDc1NC45LDM1OC44LDc0NS42LDM1My44LDczNC41eiIvPgoJCTxnPgoJCQk8cGF0aCBjbGFzcz0ic3Q2IiBkPSJNNDMxLjIsNzQ2LjhsLTQuMy05LjhjLTcuMSwyLjctMTQuNiwzLjktMTkuNSwzLjNsLTIuMi0xMy41YzUuNCwwLjUsMTIuNS0wLjEsMTkuMi0zCgkJCQljNS45LTIuNiw4LjktNi43LDcuMS0xMC44Yy0xLjctMy45LTYuMS00LjktMTQuOS00LjJjLTEyLjcsMS4yLTIyLjUtMC43LTI3LTEwLjdjLTQtOS4xLTAuOC0xOS4xLDkuMy0yNi4xbC00LjMtOS44bDEwLjEtNC41CgkJCQlsNCw5LjFjNy4xLTIuNywxMi40LTMuNCwxNi41LTMuMmwyLjIsMTNjLTMuMiwwLjEtOS0wLjItMTYuNCwzLjFjLTYuNywzLTcuNiw2LjgtNi4zLDkuN2MxLjUsMy40LDYuMSw0LDE2LjMsMy40CgkJCQljMTQuMi0xLjEsMjEuNywyLjQsMjUuOCwxMS43YzQuMSw5LjIsMSwxOS45LTEwLDI3LjNsNC43LDEwLjVMNDMxLjIsNzQ2Ljh6Ii8+CgkJPC9nPgoJCTxnPgoJCQk8cGF0aCBjbGFzcz0ic3Q0IiBkPSJNNDI1LjEsNzQ0LjVsLTQuMy05LjhjLTcuMSwyLjctMTQuNiwzLjktMTkuNSwzLjNsLTIuMi0xMy41YzUuNCwwLjUsMTIuNS0wLjEsMTkuMi0zCgkJCQljNS45LTIuNiw4LjktNi43LDcuMS0xMC44Yy0xLjctMy45LTYuMS00LjktMTQuOS00LjJjLTEyLjcsMS4yLTIyLjUtMC43LTI3LTEwLjdjLTQtOS4xLTAuOC0xOS4xLDkuMy0yNi4xbC00LjMtOS44bDEwLjEtNC41CgkJCQlsNCw5LjFjNy4xLTIuNywxMi40LTMuNCwxNi41LTMuMmwyLjIsMTNjLTMuMiwwLjEtOS0wLjItMTYuNCwzLjFjLTYuNywzLTcuNiw2LjgtNi4zLDkuN2MxLjUsMy40LDYuMSw0LDE2LjMsMy40CgkJCQljMTQuMi0xLjEsMjEuNywyLjQsMjUuOCwxMS43YzQuMSw5LjIsMSwxOS45LTEwLDI3LjNsNC43LDEwLjVMNDI1LjEsNzQ0LjV6Ii8+CgkJPC9nPgoJPC9nPgoJPGc+CgkJPGNpcmNsZSBjbGFzcz0ic3Q0IiBjeD0iNjI0LjMiIGN5PSI1ODAuNyIgcj0iOTYuMSIvPgoJCTxjaXJjbGUgY2xhc3M9InN0NSIgY3g9IjYyNC4zIiBjeT0iNTgwLjciIHI9IjcyLjMiLz4KCQk8cGF0aCBjbGFzcz0ic3Q2IiBkPSJNNTU3LjIsNTg4LjljMC0zOS45LDMyLjQtNzIuMyw3Mi4zLTcyLjNjMjQuMiwwLDQ1LjYsMTIsNTguNywzMC4zYy0xMi4xLTIyLjktMzYuMi0zOC41LTYzLjgtMzguNQoJCQljLTM5LjksMC03Mi4zLDMyLjQtNzIuMyw3Mi4zYzAsMTUuNyw1LDMwLjIsMTMuNSw0MkM1NjAuMiw2MTIuNyw1NTcuMiw2MDEuMiw1NTcuMiw1ODguOXoiLz4KCQk8Zz4KCQkJPHBhdGggY2xhc3M9InN0NiIgZD0iTTYyMi45LDYzMS41di0xMC43Yy03LjYtMC4zLTE0LjktMi40LTE5LjItNC45bDMuNC0xMy4yYzQuNywyLjYsMTEuNCw1LDE4LjgsNWM2LjQsMCwxMC44LTIuNSwxMC44LTcKCQkJCWMwLTQuMy0zLjYtNy0xMi05LjhjLTEyLjEtNC4xLTIwLjMtOS43LTIwLjMtMjAuN2MwLTkuOSw3LTE3LjcsMTkuMS0yMC4xdi0xMC43aDExLjF2OS45YzcuNiwwLjMsMTIuNywxLjksMTYuNCwzLjdsLTMuMywxMi44CgkJCQljLTIuOS0xLjItOC4xLTMuOC0xNi4zLTMuOGMtNy4zLDAtOS43LDMuMi05LjcsNi4zYzAsMy43LDQsNi4xLDEzLjYsOS43YzEzLjQsNC43LDE4LjksMTEsMTguOSwyMS4xcy03LjEsMTguNi0yMC4xLDIwLjl2MTEuNQoJCQkJSDYyMi45eiIvPgoJCTwvZz4KCQk8Zz4KCQkJPHBhdGggY2xhc3M9InN0NCIgZD0iTTYxOC4zLDYyNi45di0xMC43Yy03LjYtMC4zLTE0LjktMi40LTE5LjItNC45bDMuNC0xMy4yYzQuNywyLjYsMTEuNCw1LDE4LjgsNWM2LjQsMCwxMC44LTIuNSwxMC44LTcKCQkJCWMwLTQuMy0zLjYtNy0xMi05LjhjLTEyLjEtNC4xLTIwLjMtOS43LTIwLjMtMjAuN2MwLTkuOSw3LTE3LjcsMTkuMS0yMC4xdi0xMC43SDYzMHY5LjljNy42LDAuMywxMi43LDEuOSwxNi40LDMuN2wtMy4zLDEyLjgKCQkJCWMtMi45LTEuMi04LjEtMy44LTE2LjMtMy44Yy03LjMsMC05LjcsMy4yLTkuNyw2LjNjMCwzLjcsNCw2LjEsMTMuNiw5LjdjMTMuNCw0LjcsMTguOSwxMSwxOC45LDIxLjFzLTcuMSwxOC42LTIwLjEsMjAuOXYxMS41CgkJCQlINjE4LjN6Ii8+CgkJPC9nPgoJPC9nPgo8L2c+Cjwvc3ZnPgo=', '{accounts}');
INSERT INTO icons (wallet, id, content_type, content, tags) VALUES ('ed06b367-e26e-4d4e-9b2e-3b86e55ab77e', '724ae30280426119826eb30c151419ce90c6733f6141f4f4c868c015ec620073', 'image/jpeg', '/9j/4AAQSkZJRgABAQAAAQABAAD/2wCEAAkGBw8PEA8NDQ0NDhUQDw4QEBAVDQ8TGBEVFhUWFhUVFRMYHSggGBonGxUVITEiJSkrLi8uGB8zODMtNygtLisBCgoKDQ0NDw0NDysZFRkrKysyLSsrLSstNysrKzcrLSsrKysrKy0rKysrLSsrKysrKysrKysrKysrKysrKysrK//AABEIAOEA4QMBIgACEQEDEQH/xAAcAAACAgMBAQAAAAAAAAAAAAAAAQYHBAUIAwL/xABJEAABAwICBgUGCggFBQEAAAABAAIDBBEFIQYHEjFBURNhcYGRIjJSdKGxNDVCcnOCkrKzwRQjU2KUosLDFyQzQ9FFVJPT8BX/xAAWAQEBAQAAAAAAAAAAAAAAAAAAAQL/xAAXEQEBAQEAAAAAAAAAAAAAAAAAAREx/9oADAMBAAIRAxEAPwC8UIQgEIQgEIQgEIXhJUAbs0HuvN87Rxv2LEkkJ3nL2KK4zp7h1Ldpn6d4v+rhAkseRffZB6r3QTA1XIeK8zM48VUGJ616h1xSUsMI9KQukdbsGyAfFRmt0zxOa+3XTNB4RlsQ/kAVw10E5x4k+K8H1cY86aMdsjR+a5sqKmST/Vlkl+fI5/vK8tgch4K4mul21kR3TRHskZ/yvdrzwJ7iuYdkch4L1gldHnG98Z5tcW+5MNdOCZ3Nejak8QCudqLSzEYbdHXVGXBz+kHg+6kmG606xmVTBBUDLNu1E7xF2nwCmC6mztPV2r1UBwfWJh1RZr5HUrjwlADf/ILt8SFLYZcg5jgQcwQQQezmmK2KFjx1PpZda9weSgaEIQCEIQCEIQCEIQCEIQCEIQC+JJA3evmaYNy3lavEsQip431FTK2NjRdz3HwAHE8gEGXLKXdnJQvSjWFSURdFD/mphkWNd5DD+/Juv1C552UF0x1hT1m1BSbdNBuJBtJKP3iPNb+6O88FCbKyI3uP6W11cSJ5y1h3Qx3YwDkQM3fWJWjSTWg0JJohoSTQNCSaBoSTQC2mCaQ1dEb0s72C9zGfKY7tYcu8WPWtWhBcWjWsmnqLRVoFLIbAPuTE4/OObO/LrU8ilIsWm4OfMFcxKT6Jaa1NARGSZ4L5wudmwc43Hzezd2b1LFdAxSh3byXoo/gmMwVkQqKWTbG4jc5jvRe3gVuYJ75Hf71lXuhCEAhCEAhCEAhCEAvKeXZGW9fUj9kX8FqcUxCOnikqah4YyNpc93uAHEnIAdiDwx3GIKKF1TUv2WjIDe57jua0cSVRGlelE+JS9JKdiNpPQwA+TGOZ9J3N3hYL50u0llxKcyvuyNlxBDfKNvM83HK57uC0i1Ih3TSQiGhCFQ0JJoGhJNA0JJoGhJNA0JJoBMJJqjY4FjU9DMJ6Z9juew5tkb6Lhx7d4V5aL6RQ4hD00J2XNsJYifKjd18xyPHxC58WwwLGJqKdtTTmxbk5pvsyN4sd1H2ZFSxXStPLfI7/AHr3Ud0fxmKtgZUwHI5OaTnG8b2O6x7cjxW+hk2h1jesK9EIQgEIQgEIXhVSWFufuQeE0m0fYFR+s7Sr9MnNJA79RTvIJByllGRd1tGYHeeIU61n6RmipOhidszVO0xhG9jP9x/UbHZHW6/BUa1WRDTSQqhpr5TQNNJCBoQEKhoSTQNCSaBoSTQNCQTQNCSaBoSTVEj0H0ldh1QHOJMMtmzt32HCQDm2/eLjkr4gmHkvYQ4EAgg3DgcwQVzIrZ1TaQ9LG7D5XXdCNuEnjFfNv1SfBw5LNVaQN8wmsalf8nvCyVlQhCEAsCV9ySf/AILKqHWaevJQrWVi5pMOmLDZ89qeM3sQX32iOsMDz22QU9prjhr62aoBvGD0UA4CNlwCO03d9ZaMJBNaQ0JJohppKWaOaA1VfTtqoZqVjXOe0Ne6UOu02PmtI9qCKJqff4TV3/c0P2p//WtLpToXUYbHHNPLTyCSTowIzISDsl1ztNGVmlFRtMLMwjCKmsf0VLA+ZwttWGTAeLnHJvep9heqWUgOq6xkfNkUZeftusB4FBWqFbx1S0dsqutvzvBbw2PzWjxrVXUxAvo52VIGfRub0b+wG5a4/ZTRXyF9TROY50cjXMc0lrmuaQWkbwQdxXy0XIABJJAAAuSTkABxKoaApngmrWuqAHzFlG07ukBc/wD8QtbvIKlEOqalA/WVlW482thYPAtd700VKhWnWapY7f5eulaeUsTHg97dm3gVBNItGqrD3BtTGNlxIZK07THnkHcD1EApo1CEk0Q0JJoGs3BcSfSVENVHvieHW9Ju5ze9pI71gpqq6Xo6psrI54jtNe1sjDza4XHsK2gN81WuqTFempH0zjd1M+zc8+jfdzfB22OwBWLSuytyWKr2QhCgxqs7h3ql9deI7VRTUYJtFEZnctqQkDvAZ/MrknN3HwXOen9Z0+J1r73DZjE3qEYEfvaVYNAmkhVk00kIGrz1SfFcX01T98qjFeeqT4ri+mqfvlKqYqO6Z6Nf/pNpYXSdGyOo6WVw84tDHN2W9ZLhnwzUiTCisXDcOhpY2wU0TYmN3NA8STvJ6zmspQvSXWRR0jnQwg1kjSQ4McGsYRwdJnn80FRqPW7NtDaoIS2+YE7wbdpbb2JgthC1GjOkVPiMPTU5cNk7MkbrB0buRtkQeBH/ACtuoIFrR0W/SY21lNEXTxljHtaM5mOIaB85pIz5X6rbDQfQqLD2CaUNlqXDyn2uIr/Ij/N289mSlq1OkOkdLh7A+qksXX2I2jafJb0W8us2HWqNukqrqtbj9o9BQMDeBfObntDRYeJW80U1jQ1kjaaeE00jzaM7e2x7uDdqwLSeF8uF72TBOFi4nh8VVDJTzsD2SNs4cuRB4EHMFZSFBzdjGHPpaialkNzDIWX9Ib2u72kHvWGpprcgDcRDh/uU0Lz1kOez3MCha2hoSTRDQkmgmGqzEOhxFkZPk1EckR+cBttPi0j6yvKmd5VuYXNGE1ZgqIJwbdFNFJ3NcCfZddJxuzB6wpVjPQhCyrXvOZPWSuW6qo6WSSb9pJJJ9pxd+a6crnWjldyjkPg0rluLzR2BWJX2mkgKoaaSEDV6apPiuL6ap++VRavPVH8VxfTVP3ylVMlCtbOLTU1ExsDzGaiboXvHnBmw5xDTwvsgX5XU1Vd67PglL63/AGpFmKqABNfKa2ynepypc2vkiB8mWmk2hzLHMLT3Au8VdCpHVF8Zj1af+lXcs1oibAnqXNOI4nNWSuqql+2+SxJ4NHBrRwaNwC6WfuPYVy5D5rfmj3JEr0TDy2zmktLSHNI3gjMEd6STtxWh05STdJHHIflxsf8AaaD+a9Vi4T8Hp/oIfuBZSwqnNcnw+H1KL8WZQRTrXL8Ph9Si/GnUFWpxDQkmqhoSTQBGRXR+BVHS0tLL+0poH/aY0/mucQugNCXXw6h9WiHgLfkpViUdKhYu0hZVi17bxTDnFIP5SuXI9w7Auq3tzI6yFyxND0bnxH/bc6M/VJb+SsSvlMJIVQ00kIGr01R/FcX01T+IVRavTVH8VxfTVP4hSqmSrvXZ8EpfW/7UisRV3rs+CUvrf9qRZiqfCa+QmtMprqh+Mx6tP/SrvVIaofjMerT/ANKu9SrCfuPYVy5D5rfmj3LqN+49hXLcPmt+aPckHok7cexNJ+49io6Ywn4PT/QQ/cCyli4T8Hp/oIfuBZSyqm9cvw+H1KL8aZQRTvXL8Ph9Si/GnUEWohoSTVQ0BJNAwugdCBbDaH1aM+IuufbrozRyn6KjpIvQpadp7RG0KVY2dkLK6JCyrHnFnHxXNunFJ0GJV0VrD9IfIOyS0g++ulqtuYPUqQ11Yd0dZBVAZVEGwcvlxGxufmvZ9lUV6mkhVDTSQiGr11R/FUX01T+IVRSvXVF8VRfTVP4hSqmSrvXZ8EpfW/7UisRV1rt+CUvrf9qRSKp9CEKsprqh+Mx6tP8A0q8FR+qD4zHq1R/SrwUqk/cewrluHzW/NHuXUj9x7CuW4fNb80e5IPtJ249iaTtx7FR0zhPwen+gh+4FlLFwn4PT/QQ/cCyllVN65fh8PqUX406ganmuX4fD6lF+NOoGtRDQkmqhoSTQZFBTGaWKAZ9LLHH9pwb+a6XiYLho3ZAdiovVjh/T4lC612wNknd9UbLP5nNPcr5pm3d2ZrNWMxCEKK8qht29magGtjCf0nDpJGi7qVwqB80AiT+Qk/VViLWzxA7UbgHAgtIPEEZjwQcqpraaU4M6grJ6Q3sx14iflRuzYevLI9YK1SqGmkhUNSTA9N6+ihbTU0kTWNc9wDoWuN3G5zPWo2hETP8AxOxX9rB/DMWr0g0urcQYyKrfG5sb+kaGxNZ5Vi3eOolaFARTTSQiNjgeMz0M36RTOa1+w5l3MDhZ1r5HsCkX+JuK/tYP4dihqEVMjrMxX9rB/DsUOaLADkLIQgaChCIl0GsfE2NbG2WCzGta3/LsOQFhn3L0/wATMV/awfw7FDkIrZ49jtRXytnqnMc5sYiBawNGyHOcMh1uK1ySEDQhCqGgJLJw6jfUSxU8Qu+V7Y29RJ3nqG89QKC1tTmFbFPNWOGc79hh/cjuCe95cPqqzKVuRPNazCqFlPDDTRDyYmMjb12FrnrO/vW5aLADks1o0IQoBY9Uz5XLeshIhBV2t7Rz9Ipm10TbyUoO2AM3wk3d9k+V2bSpVdWzR2JaRcH2hc+6xNFTh1TeNv6icudAfQO90R7OHVbkVRFEIQqhpr5TQNNJCIYTSCEDTSQgaaSEDTSQgaaSEDTSQgaaSEDVoan9HvPxOVvpRUwI3jdJIPuj6yhGiej8mI1Ladl2tHlzSAf6cd8/rHcOvqBXQdFSMjZHBCwMaxrWMaNzWgWCKzKVme1y3LKSY2wACayoQhCAQhCDzmj2h18FodIMGhrqeSkqGktfuI86Nw817TzB/McVIl4zxXzG/wB6DlvSHA56Cd9LUNzGbHgeTKzg9v8AxwNwtYukdLNGYMSgMEw2XNuYpQPKidzHMHK449oBFAY/glRQTGmqmbLsyxwuWyN9Jh4j2jiqNchJNVDTXymgaaSEQ00kIGmkhA0IQgYTXymgaEk0DWThtBLUysp6dhkfIbNb7yTwA3kpYdQS1MrKenjdI95s1o9pJ4AcSVemhOiMWGx3OzJPIB0stt3HYZyaD47zwAKy9EdHI8OpxAyz3us6aW3+o/q5NG4D8yVJ6eLZFzvK+KeH5R7lkrKhCEIBCEIBCEIBCEIPCeC+Y3+9aLSDAaevhNPVR7Q3tcMnxu9JjuB9h43UkXnLEHdR5oObNL9C6rDXF7h00BNmVDW5C+4SD5DvYeB4KNLqueHIse0ODgQQQCHA7wQd4Va6VaqopdqbDXineczTuv0TvmEZx9mY6gqKeTWbi+D1NG/oquCSF18toeS7rY8ZOHYVgqoaaSEDTSQiGmldCBppIQNCFkUFDNUPEVNDJM8/JY0uPaeQ6zkg8FutGdGarEX7FOyzWkCSdwIZH3/Kd+6M+zepxovqr82XE37s/wBGjdv6pJB7m+Ks6io2RsbDBGyNjBZrGtDWtHUAitRotovTYdHsQDae4DpZnAbUh5fut5NHtOakkEHF3gvSKADM5leqyoQhCAQhCAQhCAQhCAQhCAQhCBEA5HNY8lN6PgslCDU1tHHKx0U8TJWOycx7A5p7jkoJjeqiimu+kklo3G/kj9ZHf5jjcdzrdStAgHIi68n0wO7JUc+4rqxxSC5ijiq233xSAOtzLH29l1F63C6mAkVFNUQ237cMjR4kWXUrqd3CxXm6M7iD4IOUg4HcQU103VYJRzf61HSS/Pp4ne8LAdoZhR/6bR90LR7Amo50QSuihoXhQ/6bSd8QPvWbS6P0MWcNDRx9baaIe0BXRzhR0U05Aggmmv8As4nv+6CpNhmrnFJ/Op20zcvKmka3+Rt3eICvuOMgWa3LkBkvVtO49SmitMG1TU0dnVs8lSeMbP1TO8g7R7iFPMNw2GnYIqWCOFvosYBfrNt56yto2mHE3Xs1oG4WRWNHT+ll1LJa0DICyaFAIQhAIQhAIQhAIQhAIQhAIQhAIQhAIQhAIQhAIQhB5TLFchCBNWVChCD2QhCAQhCAQhCAQhCAQhCAQhCAQhCD/9k=', '{accounts}');
INSERT INTO icons (wallet, id, content_type, content, tags) VALUES ('ed06b367-e26e-4d4e-9b2e-3b86e55ab77e', 'ce69896877b29ade32b0eec9716ce25abe505a1695119e72351ec6b36292064b', 'image/jpeg', '/9j/4AAQSkZJRgABAQAAAQABAAD/2wCEAAkGBxAHBhIQBxMQEBASEBUVFxAXGBkVFRgQGh0iFhcYFRYZHiggJCYxGxUVIjEtJyouLjovGB85RDUtNygvLisBCgoKDg0OGxAQFy0fIB03LS0rNzcxLS0rKy0tKystLS8uLS03NSstMi0tNS0vLS4rKy0tKy0tLS0tLSstKy03L//AABEIAOEA4QMBIgACEQEDEQH/xAAcAAEAAQUBAQAAAAAAAAAAAAAACAIEBQYHAQP/xABJEAACAQEEBAcLBg0FAAAAAAAAAQIDBAUGERIhMUEHExdRYXGyIjM1U3OBkZOh0dMyVZKUorEUFiNCUlRiY3J0gsHSJjQ2ROH/xAAaAQEAAwEBAQAAAAAAAAAAAAAAAQMEAgUG/8QAJREBAAIBBAEDBQEAAAAAAAAAAAECEQMSEyEEBVGBMUFSkbEU/9oADAMBAAIRAxEAPwDkgANbkAAAAAAAAAAAAAAAAAAAAAAAAAAAAAAAAAAAAAAAAAAAAAAAAAAAAAAAAAAAAAAAAAAAAAAAAAAAAAAAAAAAAAAAAAAAAAAAAAAAAAAAAAAAAAAAAAAAAAAAAAAAAAACqEXOajTTlJtJRSzbk9SSS1t5gUmWubDNvv1Z3RZq1aP6aWjD1k8o+065wfcE1KyUo2nFMVVrvKUbM9dOnzcYtkpfZXTtOsQpqEEoJJJZJLUkuhFVtT2ThG6nwSXzOCboUo/sutDNdejmvaVckV8+Koeuj7iSIOeSTCN3JFfPiqHro+4ckV8+Koeuj7iSJjMQ37Z8PXXK0XpNQpx+lKW6MFvb5hyWMI5X5wd3jcN3StF7Kz0qUd/HRbcnsjGOWbb5kambFjbF9oxfefGWvuKUG+Ks6ecYR53zye9+jUa6XRnHYFVOnKrVUKSlKctShFNyb6IrWzPYLwlaMX3pxVh7inHJ1a7WcYR/vJ68l/YkXhPB1iwrZdG7Ka4xruq8spVZvpluXQsl0HNrxUw4Bd3BtfF4QUqVknCL31ZQpemMpaXsL/kivnxVD10fcSRBXyyYRu5Ir58VQ9dH3DkivnxVD10fcSRA5JMI3ckV8+Koeuj7jVsQXJWw/eDoXi6XGpZyjCaqaOexSa2Po9523hS4SFcMJWS5ZRlbJLuqiyaoJ8+5zy2Ldte5PgVSbq1HKq3KUm25N5ycnrbbetvMspMz3IpAB2gAAAAAAAAAAAAADrHAVhaNtts7xtsc40Z8XRT2cdlnKfmUkl0t8xyclJwZXertwHYoRWTlQVSX8dT8pL2yONScQmGzpZHoBnSAGJxNiCz4auqdovOWUI6lFa5znuhBb2//AHYBViO/rPhy65Wm9JaNOOxbZTnuhBb2yNGNMW2jF158bbe4pxzVKgnnGnF/fJ5LN/cinGWK7Ri69eOt3cwjmqVBPONOHRzt73v6kkYA0UphAV0aUrRXjCgtKc5RhGPPOT0Yr0tFBuPBFYFb+EGyqeuNLjKzX8EXo/blB+Y6mcQO+YJw1Twrh+nZqGTmu6qz3zrP5Un9y6EjPniPTKkAPHqAPYcx4U+EhXHGVjuOSlbGsp1Vk1QT++eWxbtr3J08KnCSrlUrFcMk7W1lUqrWqKe5c88vR16jgspOcm5tttttt5tt6223vzLKUz3KHs5upNyqNyk225N5tt6223rbKQC9AAAAAAAAAAAAAbyWsCqnB1ZqNNOUm8kks230I2+58DyqwU71k6f7qOTl/VLYvNmZvB+GndtmVa1Qk681nrT7iL/NXTzmycVL9GXoZu8fT0cbr2j9vD87z9bdNNGs9ffH8YShhexUIZKjCXTPOb+0ztNyQVO56EaaSiqMEktiSiskjmLpS/Rl6GdQuhZXXRz8VD7kVeoTp7a7MfCfSLa1r25M/OV4ADy3uhi73w9Y76qRle9no2hwTUXUip6Ke3LPZsXoRlABrn4h3T+oWP1UfcPxDun9Qsfqo+42MDI1z8Q7p/ULH6qPuLu68L2C6LVxt12Wz0Kmi46cIRjLRe1ZrzGYAyAAAFteUnC7qri2mqU2mtqeT2FyWt6eDK3kp9lgQ8jN1I6U23J623rbk9bbfWelNLvS6kVGtyAAAAAAAAAAAAABsOA7sV6YnpRqrOFPOrJbmobE/wCpx9prxsuBL/o4evCrUt0aklOkoLQSbTzzeebXMUeVv4bbI7x0s0sb4y7WDSuU2xeLtP0Y/wCY5TbF4u0/Rh/mfKf4PJ/CXp8+n7t1N0sP+zp/wR+44q+E2xJd7tP0Yf5nZbmtCtV0UKlPNRnRpySe3JxTWfpPR9O8fV0rWm9cZZfJ1K2iNsr0AHrMgAAAAAA8ZhbHiux23EFWwWeqnaaKTlDZnvkoPY2tWaWzMDNg8TzPQBa3p4MreSn2WXRa3p4MreSn2WBDul3pdSKiml3pdSKjW5AAAAAAAAAAAAAAAAAAB5L5L6iW+E1/pax/ylHsIiRL5L6iXGE/+LWP+Uo9hFWr9kwyoAKUgAAAAD52iThQk462otpdKWZD6jb6qtqtNOco1+M43jYvKSqt6Tkn1tkxHsI1cJuCK2Gb3qVqEJSsVWbnCqlmqbk83Tqc2Tep7Gst5ZpzH0HVuDLhDhimgrPeLjTt0I647I1Yr8+mufnju6tm/pkN6FolZa8alnm6c4SUo1IvKUZLWmmSY4McS2nE2HVVvSjOnOLUeOy0YVll8umtvXqyz2N7l6Y7gbiWt6eDK3kp9ll0Wt6eDK3kp9llYh3S70upFRTS70upFRrcgAAAAAAAAAAAAAAAAAAPYSzwZVVbCNilHY7JR7CImEl+B68Pw7g/suvOVJTovo0JNR+xoekq1fomG6gApSAAAAABTOmqkWqiTTWTT1prpRUAMPDCt3QtPGQsdkU889LioZ5+gy6jkskegAWt6eDK3kp9ll0Wt6eDK3kp9lgQ7pd6XUioppd6XUio1uQAAAAAAAAAAAAAAAAAADrfABfqoXhXsFZ5Kr+Wp9NSK0ai+ioP+lnJC6uu8Kl1XlStFiejVo1Izi+lbn0NZp9DZFozGEphAxGFr/o4luSnarE+5mu6hvhUXyoS6U/7GXMqQAAAAAAAAAAC1vTwZW8lPssui1vTwZW8lPssCHdLvS6kVFNLvS6kVGtyAAAAAAAAAAAAAAAAAAAAANr4PMaVMH3o29KpZarSq0Vt1bJw/aXtWrmykrdd50b2sEK93VI1aVRZxmtnU96fOnrRD82HCGMbXhK1ud2yUqcmtOzzzdOfT+zLLevPmtRXeme4SlWDTsI8JFgxLGMITVntD/69VqMnL93LZLza+hG4FMxhL0AEAAAAAAFrengyt5KfZZdFrengyt5KfZYEO6Xel1IqKaXel1IqNbkAAAAAAAAAAAAAAAAAAAAAAAAa0lr1myXHjy9Liio2G01HTWylU/Kwy6NLWvM0a2BMZS6pYuHC2045W2y2aq+eEp0vY9MveXae+74fWX8E48DjZUdh5dp/N8PrL+COXafzfD6y/gnHgOOo7Dy7T+b4fWX8Ecu0/m+H1l/BOPAcdR2Hl2n83w+sv4J87Vw4ztFmnD8AitOEo5/hD1ZrLPvPSciA46mXkFoxS5kegHaAAAAAAAAAAAAAAAAAAAAAAAAAAAAAAAAAAAAAAAAAAAAAAAAAAAAAAAAAAAAAAAAAAAAAAAAAAAAAAAAAAAAAAAAAAAAAAAAAAAAAAAAAAAAAAAAAAAAAAAAAAAAAAAAAAAf/2Q==', '{accounts}');

--groups
INSERT INTO groups (id, wallet, type, name, idx) VALUES ('a2e885d4-2eae-466e-8229-77e8bd579cd1', 'ed06b367-e26e-4d4e-9b2e-3b86e55ab77e', 'Accounts', 'Main accounts', 1);
INSERT INTO groups (id, wallet, type, name, idx) VALUES ('8481377e-26bb-4690-9d14-0e0466e1fc20', 'ed06b367-e26e-4d4e-9b2e-3b86e55ab77e', 'Accounts', 'Savings', 2);
INSERT INTO groups (id, wallet, type, name, idx) VALUES ('a07a916d-b0e9-4d49-8b7c-60bb79f94e42', 'ed06b367-e26e-4d4e-9b2e-3b86e55ab77e', 'Accounts', 'Crypto', 3);
INSERT INTO groups (id, wallet, type, name, idx) VALUES ('720b3626-c7db-493f-a806-ccfd39c2e7c4', 'ed06b367-e26e-4d4e-9b2e-3b86e55ab77e', 'Categories', 'Income', 1);
INSERT INTO groups (id, wallet, type, name, idx) VALUES ('15a6de5c-d081-40c7-9746-e46e15ab4796', 'ed06b367-e26e-4d4e-9b2e-3b86e55ab77e', 'Categories', 'Expenses', 2);
INSERT INTO groups (id, wallet, type, name, idx) VALUES ('52b08034-a103-4054-aa51-50b1e171ff10', 'ed06b367-e26e-4d4e-9b2e-3b86e55ab77e', 'Categories', 'Savings and Investments', 3);
INSERT INTO groups (id, wallet, type, name, idx) VALUES ('e9d37feb-c536-4109-a2ae-068ca84f07b2', 'ed06b367-e26e-4d4e-9b2e-3b86e55ab77e', 'Categories', 'Debts', 4);
INSERT INTO groups (id, wallet, type, name, idx) VALUES ('0cd07af9-436c-4c36-8b6d-cefe60e87393', 'ed06b367-e26e-4d4e-9b2e-3b86e55ab77e', 'Categories', 'Recurring Payments', 5);
INSERT INTO groups (id, wallet, type, name, idx) VALUES ('e8293795-f990-4e81-898a-ac57b66bd5b9', 'ed06b367-e26e-4d4e-9b2e-3b86e55ab77e', 'Categories', 'Transfers', 6);
INSERT INTO groups (id, wallet, type, name, idx) VALUES ('e8293795-f990-4e81-898a-ac57b66bd5b8', 'ed06b367-e26e-4d4e-9b2e-3b86e55ab77e', 'Assets', 'Main', 1);
INSERT INTO groups (id, wallet, type, name, idx) VALUES ('e8293795-f990-4e81-898a-ac57b66bd5b7', 'ed06b367-e26e-4d4e-9b2e-3b86e55ab77e', 'Assets', 'Crypto', 2);

--assets
INSERT INTO assets (id, "group", type, ticker, name, icon, tags, idx) VALUES ('7b2d9229-9c91-41ec-ac19-32804cf3b5e9', 'e8293795-f990-4e81-898a-ac57b66bd5b8', 'Fiat', 'UAH', 'Ukrainian hryvnia', '2264d76dac1db758f0890b35b4ca374974a35693b25e8b3dd4b838961fe43bc6', '{}', 1);
INSERT INTO assets (id, "group", type, ticker, name, icon, tags, idx) VALUES ('704b8153-1a0c-4fa5-a2e5-0b7db0398442', 'e8293795-f990-4e81-898a-ac57b66bd5b8', 'Fiat', 'USD', 'United States dollar', '8aa427c2c9d2944584e5afa4ecba79e662beb000d4bb2a698373d24f1f4aefbe', '{}', 2);
INSERT INTO assets (id, "group", type, ticker, name, icon, tags, idx) VALUES ('1833248b-324c-4892-b3b4-e98dd39d2d81', 'e8293795-f990-4e81-898a-ac57b66bd5b8', 'Fiat', 'EUR', 'Euro', 'bec13cec2a865afef80fc5857e781807fd52427cbb0fc6244d93acbcdf5dbfa4', '{}', 3);
INSERT INTO assets (id, "group", type, ticker, name, icon, tags, idx) VALUES ('3861eca1-4763-4270-a1d5-a7c101381b14', 'e8293795-f990-4e81-898a-ac57b66bd5b7', 'Crypto', 'BTC', 'Bitcoin', '83703baa5dd86a18b7df5c38c2ea71c58d5ca84be23f498039c20af6b00c7886', '{}', 1);
INSERT INTO assets (id, "group", type, ticker, name, icon, tags, idx) VALUES ('c579d9cf-fe1b-4593-99c5-2f0d5b467ef3', 'e8293795-f990-4e81-898a-ac57b66bd5b7', 'Crypto', 'ETH', 'Ethereum', '7a72c16d84f02a33f01815cc5ed92ce6d787952b0a74e307e5c22f13ba5d12c8', '{}', 2);
INSERT INTO assets (id, "group", type, ticker, name, icon, tags, idx) VALUES ('1f1e9e43-b1d1-471b-a3be-c6754b15caf2', 'e8293795-f990-4e81-898a-ac57b66bd5b7', 'Crypto', 'USDT', 'Tether USDt', 'a3ea8268cc29b2d669e2e73a3860ec5fb0c31b4e65fb43b4968e4282db286b0b', '{}', 3);
INSERT INTO assets (id, "group", type, ticker, name, icon, tags, idx) VALUES ('6423e4db-1468-4264-92f9-c167eb92c955', 'e8293795-f990-4e81-898a-ac57b66bd5b7', 'Crypto', 'ADA', 'Cardano', 'a2f85d571e72440dc121aa4cde1fcd2e84f60391d187c74b359d1a2b2a563fe8', '{}', 4);
INSERT INTO assets (id, "group", type, ticker, name, icon, tags, idx) VALUES ('7b92c02e-b70f-45c2-a0ba-3065dd482aa9', 'e8293795-f990-4e81-898a-ac57b66bd5b7', 'Crypto', 'MATIC', 'Polygon', '2d07b1391f771580ef6200b6630aef5e143bceb409fe4227c572c0d24c82c508', '{}', 5);


--accounts
INSERT INTO accounts (id, "group", name, default_asset, idx, icon, tags) VALUES ('7f5199de-5275-4fba-a6e6-f181bf04bf5f', 'a2e885d4-2eae-466e-8229-77e8bd579cd1', 'Cash', '7b2d9229-9c91-41ec-ac19-32804cf3b5e9', 1, '7159a16eb189508d20f364d849ad67367b2723d6959b02ef82e8781a99e21e9e', '{uah,usd,eur}');
INSERT INTO accounts (id, "group", name, default_asset, idx, icon, tags) VALUES ('8ecc40fa-5fc4-47e9-83d1-0ba43f3a5af5', '8481377e-26bb-4690-9d14-0e0466e1fc20', 'Monobank USD', '704b8153-1a0c-4fa5-a2e5-0b7db0398442', 1, '724ae30280426119826eb30c151419ce90c6733f6141f4f4c868c015ec620073', '{usd}');
INSERT INTO accounts (id, "group", name, default_asset, idx, icon, tags) VALUES ('21d16351-22cf-45be-a09d-6529b5c3702a', '8481377e-26bb-4690-9d14-0e0466e1fc20', 'Monobank EUR', '1833248b-324c-4892-b3b4-e98dd39d2d81', 2, '724ae30280426119826eb30c151419ce90c6733f6141f4f4c868c015ec620073', '{eur}');
INSERT INTO accounts (id, "group", name, default_asset, idx, icon, tags) VALUES ('a18a7455-b390-474e-bf09-108fc758eabc', 'a07a916d-b0e9-4d49-8b7c-60bb79f94e42', 'Binance Spot', '1f1e9e43-b1d1-471b-a3be-c6754b15caf2', 1, '6995122e980611a5f3b9b79ee93490befc2dcf0e778db1815e1ceb1c74d3653a', '{btc,usdt,eth}');
INSERT INTO accounts (id, "group", name, default_asset, idx, icon, tags) VALUES ('971d3ccb-6f74-4209-aff9-195a7a68f309', 'a2e885d4-2eae-466e-8229-77e8bd579cd1', 'Monobank White Card', '7b2d9229-9c91-41ec-ac19-32804cf3b5e9', 3, '724ae30280426119826eb30c151419ce90c6733f6141f4f4c868c015ec620073', '{uah}');
INSERT INTO accounts (id, "group", name, default_asset, idx, icon, tags) VALUES ('6ac6eea5-52ef-418c-ba9e-fb41790a8924', 'a2e885d4-2eae-466e-8229-77e8bd579cd1', 'Monobank Black Card', '7b2d9229-9c91-41ec-ac19-32804cf3b5e9', 2, '724ae30280426119826eb30c151419ce90c6733f6141f4f4c868c015ec620073', '{main,uah}');
INSERT INTO accounts (id, "group", name, default_asset, idx, icon, tags) VALUES ('c75748b0-a7f2-414c-8242-561d193fcc63', 'a07a916d-b0e9-4d49-8b7c-60bb79f94e42', 'Binance Earn', '1f1e9e43-b1d1-471b-a3be-c6754b15caf2', 2, '6995122e980611a5f3b9b79ee93490befc2dcf0e778db1815e1ceb1c74d3653a', '{btc,ada}');
INSERT INTO accounts (id, "group", name, default_asset, idx, icon, tags) VALUES ('da179088-d200-45ee-aa71-737520e7cae4', 'a07a916d-b0e9-4d49-8b7c-60bb79f94e42', 'WhiteBit Main', '1f1e9e43-b1d1-471b-a3be-c6754b15caf2', 3, 'ce69896877b29ade32b0eec9716ce25abe505a1695119e72351ec6b36292064b', '{crypto,btc,eth}');
INSERT INTO accounts (id, "group", name, default_asset, idx, icon, tags) VALUES ('a6a19d4f-dda6-48c7-849d-ceec40a6b3a1', 'a07a916d-b0e9-4d49-8b7c-60bb79f94e42', 'WhiteBit Earn', '1f1e9e43-b1d1-471b-a3be-c6754b15caf2', 4, 'ce69896877b29ade32b0eec9716ce25abe505a1695119e72351ec6b36292064b', '{earn,btc,crypto}');

--categories
INSERT INTO categories (id, "group", name, icon, tags, idx) VALUES ('1c1d887f-4621-4a62-9606-edb0cb655baa', '720b3626-c7db-493f-a806-ccfd39c2e7c4', 'Salary', '49adeddc9b2f80df80945247d51f0b426cf5f09b141b487917e62be36264e6da', '{}', 1);
INSERT INTO categories (id, "group", name, icon, tags, idx) VALUES ('dfac28f9-00ec-4dd4-b35f-94802df66c42', '720b3626-c7db-493f-a806-ccfd39c2e7c4', 'Investment Income', 'b9db50df64c7f58cd86829f0ee12d5b641a2470f976f00b0913c01d40d83994b', '{}', 2);
INSERT INTO categories (id, "group", name, icon, tags, idx) VALUES ('51f6d515-6728-4f48-a20c-f0812cd6dfc7', '720b3626-c7db-493f-a806-ccfd39c2e7c4', 'Other Income', 'aa8a52b6b0d00a832c274e69b652a7508afecb1f6688b0fc23e128a475da979b', '{}', 3);
INSERT INTO categories (id, "group", name, icon, tags, idx) VALUES ('ce992235-1ca7-45dd-9e16-95dbdfa9253a', '15a6de5c-d081-40c7-9746-e46e15ab4796', 'Housing', '84b8a764f7430fce9ddb6f6ca7412cb44e029d66b5feb7a393511496f7169b03', '{}', 1);
INSERT INTO categories (id, "group", name, icon, tags, idx) VALUES ('5475dbce-ef4f-40ce-a86e-118564dae8ef', '15a6de5c-d081-40c7-9746-e46e15ab4796', 'Transportation', '8b97e8592a0f7b9caa2e57d4b09f9deffd0f102118a58a07ec680e3db9e895db', '{}', 2);
INSERT INTO categories (id, "group", name, icon, tags, idx) VALUES ('9c76e86f-863e-422c-8c15-ffe4c8d1105f', '15a6de5c-d081-40c7-9746-e46e15ab4796', 'Food and Dining', 'd3da98e290b902823fe26cd25638661a1d1e5380c26a1b5040d0b0935a150189', '{}', 3);
INSERT INTO categories (id, "group", name, icon, tags, idx) VALUES ('63549453-ebee-4582-ae71-8b3ab83759c6', '15a6de5c-d081-40c7-9746-e46e15ab4796', 'Health and Fitness', 'a4b1db1ec00cc59933f706364382fe1eebb780684fb3fc7c957a4cc59309311a', '{}', 5);
INSERT INTO categories (id, "group", name, icon, tags, idx) VALUES ('059618ce-d7d5-478e-9e96-697d87e2385d', '15a6de5c-d081-40c7-9746-e46e15ab4796', 'Personal Care', 'a4f27911563787c6e8eda6975a0827c44282830581883d58b52319ccea4c5d8c', '{}', 6);
INSERT INTO categories (id, "group", name, icon, tags, idx) VALUES ('7ac6fe8b-d41d-4c56-bd18-da1dd7610056', '15a6de5c-d081-40c7-9746-e46e15ab4796', 'Shopping', '9f00996fbe44c91908fa80804214e3516fba6b8609ed69935a73f062c9363b11', '{}', 7);
INSERT INTO categories (id, "group", name, icon, tags, idx) VALUES ('693c578e-e529-4e55-a29a-e117dff89611', '52b08034-a103-4054-aa51-50b1e171ff10', 'Emergency Fund', '3272d674c725296d656b6c7b835bb5dfb7248d79ccd9ff26a67d70cc5c02336e', '{}', 1);
INSERT INTO categories (id, "group", name, icon, tags, idx) VALUES ('77773c4a-36de-4f53-8925-88f4ce9edc4b', '52b08034-a103-4054-aa51-50b1e171ff10', 'Investment', '33abd4f04764c3f17a7cc11de1171e39a829141a038f1e157a6b38eefc9a91b4', '{}', 2);
INSERT INTO categories (id, "group", name, icon, tags, idx) VALUES ('ae53da66-c69f-49d6-8189-992e7e3634b0', '15a6de5c-d081-40c7-9746-e46e15ab4796', 'Fees', 'c1d45c378245a65a80be0e4bdf7de5762659c1d5d2d6fe7a0d3a7165d0e86953', '{}', 8);
INSERT INTO categories (id, "group", name, icon, tags, idx) VALUES ('1a542bc4-6040-45d8-b7aa-cecacfa7f5b3', 'e9d37feb-c536-4109-a2ae-068ca84f07b2', 'Car Loans', '5714dbf70d59cdd37561c29cc2858dec055afba11aa64cbe9513e72b3d53d852', '{}', 1);
INSERT INTO categories (id, "group", name, icon, tags, idx) VALUES ('8c3099be-08f6-44b9-9db3-7b4c21cfe9a2', 'e9d37feb-c536-4109-a2ae-068ca84f07b2', 'Personal Loans', '954a76f641c739bd1f8e26c034e43c581d4805f797106422a1f41010c1ac12e3', '{}', 2);
INSERT INTO categories (id, "group", name, icon, tags, idx) VALUES ('bab910b2-1964-4876-bda8-adcccfb82af4', '0cd07af9-436c-4c36-8b6d-cefe60e87393', 'Subscriptions', 'f771089cbf918dab3b49a8b948b88063774e0a6ad87774d0f401b3b2f13f55ae', '{}', 1);
INSERT INTO categories (id, "group", name, icon, tags, idx) VALUES ('bfb547c1-0a47-4a1b-adb5-4a63b3c5f1e5', '0cd07af9-436c-4c36-8b6d-cefe60e87393', 'Memberships', '954a76f641c739bd1f8e26c034e43c581d4805f797106422a1f41010c1ac12e3', '{}', 2);
INSERT INTO categories (id, "group", name, icon, tags, idx) VALUES ('0f1b40d2-295e-4376-a804-b3cc9f6d2744', '0cd07af9-436c-4c36-8b6d-cefe60e87393', 'Utility Bills', '54b7116aff10e1f2f997cb6bee24fc7f6681f965b004ed3c62e5149f77be11ea', '{}', 3);
INSERT INTO categories (id, "group", name, icon, tags, idx) VALUES ('f7df44db-d54a-400c-a96b-eb48ba09d08b', 'e8293795-f990-4e81-898a-ac57b66bd5b9', 'Transfer', '598e9fa9ddd3393326663b70ec1b8146b32516e6867fa13b10d74cb0db60e63c', '{}', 1);
INSERT INTO categories (id, "group", name, icon, tags, idx) VALUES ('5810e065-7a79-4951-b4aa-4ac25bdba930', 'e8293795-f990-4e81-898a-ac57b66bd5b9', 'Currency exchange', '598e9fa9ddd3393326663b70ec1b8146b32516e6867fa13b10d74cb0db60e63c', '{}', 2);
INSERT INTO categories (id, "group", name, icon, tags, idx) VALUES ('0af7fb04-6a2c-40cc-9751-69b986b71f3d', '15a6de5c-d081-40c7-9746-e46e15ab4796', 'Utilities', '91a1dd2d8e950746341c3a09de04c110540384c932db08620ec854725c899d0a', '{}', 4);

--records
INSERT INTO records (id, type, category, datetime, description, tags, external_id, spent_on, generated_by) VALUES ('172ca444-c7d0-4212-88f9-3d335d117d3a', 'Income', '1c1d887f-4621-4a62-9606-edb0cb655baa', '2023-01-15 13:00:00.000000 +00:00', '', '{}', null, null, null);
INSERT INTO records (id, type, category, datetime, description, tags, external_id, spent_on, generated_by) VALUES ('d9c2aeae-9360-4535-8434-9945e9971916', 'Income', '1c1d887f-4621-4a62-9606-edb0cb655baa', '2023-02-16 13:55:00.000000 +00:00', '', '{}', null, null, null);
INSERT INTO records (id, type, category, datetime, description, tags, external_id, spent_on, generated_by) VALUES ('250e4070-c4bc-4ba5-b15b-823dc231e2aa', 'Income', '1c1d887f-4621-4a62-9606-edb0cb655baa', '2023-03-15 11:42:00.000000 +00:00', '', '{}', null, null, null);
INSERT INTO records (id, type, category, datetime, description, tags, external_id, spent_on, generated_by) VALUES ('401ae279-9f2e-4d87-b5c3-f315c7a56faa', 'Income', '1c1d887f-4621-4a62-9606-edb0cb655baa', '2023-04-16 10:42:00.000000 +00:00', '', '{}', null, null, null);
INSERT INTO records (id, type, category, datetime, description, tags, external_id, spent_on, generated_by) VALUES ('bed7df9c-b116-42b1-9859-57e9ae5aad2b', 'Income', '1c1d887f-4621-4a62-9606-edb0cb655baa', '2023-05-14 15:34:00.000000 +00:00', '', '{}', null, null, null);
INSERT INTO records (id, type, category, datetime, description, tags, external_id, spent_on, generated_by) VALUES ('02431692-f288-465b-90e0-d9958d996c75', 'Income', '1c1d887f-4621-4a62-9606-edb0cb655baa', '2023-06-15 15:34:00.000000 +00:00', '', '{}', null, null, null);
INSERT INTO records (id, type, category, datetime, description, tags, external_id, spent_on, generated_by) VALUES ('93e06845-a2e5-4217-9fc4-3f9c7e0d691c', 'Income', '1c1d887f-4621-4a62-9606-edb0cb655baa', '2023-07-17 16:34:00.000000 +00:00', '', '{}', null, null, null);
INSERT INTO records (id, type, category, datetime, description, tags, external_id, spent_on, generated_by) VALUES ('1a43464b-d728-43fe-bb8e-8c4ad54d1c51', 'Income', '1c1d887f-4621-4a62-9606-edb0cb655baa', '2023-08-14 16:34:00.000000 +00:00', '', '{}', null, null, null);
INSERT INTO records (id, type, category, datetime, description, tags, external_id, spent_on, generated_by) VALUES ('7cc425b1-77f4-442b-a653-b71b80a9f175', 'Income', '1c1d887f-4621-4a62-9606-edb0cb655baa', '2023-09-14 16:34:00.000000 +00:00', '', '{}', null, null, null);
INSERT INTO records (id, type, category, datetime, description, tags, external_id, spent_on, generated_by) VALUES ('6dd3d9f9-6a89-4d6d-9cef-295e25f6afee', 'Income', '1c1d887f-4621-4a62-9606-edb0cb655baa', '2023-10-16 08:52:00.000000 +00:00', '', '{}', null, null, null);
INSERT INTO records (id, type, category, datetime, description, tags, external_id, spent_on, generated_by) VALUES ('09fb1c63-81c2-4d37-929a-e115ae6a2e3e', 'Income', '1c1d887f-4621-4a62-9606-edb0cb655baa', '2023-11-12 09:52:00.000000 +00:00', '', '{}', null, null, null);
INSERT INTO records (id, type, category, datetime, description, tags, external_id, spent_on, generated_by) VALUES ('15b4c372-8797-4edb-b71b-5e1fb391a251', 'Income', '1c1d887f-4621-4a62-9606-edb0cb655baa', '2023-12-15 09:52:00.000000 +00:00', '', '{}', null, null, null);
INSERT INTO records (id, type, category, datetime, description, tags, external_id, spent_on, generated_by) VALUES ('fa356eaa-931d-45f7-aada-bd9881a72315', 'Income', '1c1d887f-4621-4a62-9606-edb0cb655baa', '2024-01-16 09:52:00.000000 +00:00', '', '{}', null, null, null);
INSERT INTO records (id, type, category, datetime, description, tags, external_id, spent_on, generated_by) VALUES ('491baa98-0695-4c2f-b50f-a7806ad62f50', 'Income', '1c1d887f-4621-4a62-9606-edb0cb655baa', '2024-02-15 09:52:00.000000 +00:00', '', '{}', null, null, null);
INSERT INTO records (id, type, category, datetime, description, tags, external_id, spent_on, generated_by) VALUES ('e52fd114-0349-461c-a2b2-f29a75414dad', 'Income', '1c1d887f-4621-4a62-9606-edb0cb655baa', '2024-03-15 09:52:00.000000 +00:00', '', '{}', null, null, null);
INSERT INTO records (id, type, category, datetime, description, tags, external_id, spent_on, generated_by) VALUES ('130b29c8-199c-4383-a3d1-2296cf391a17', 'Income', '1c1d887f-4621-4a62-9606-edb0cb655baa', '2024-04-16 14:31:00.000000 +00:00', '', '{}', null, null, null);
INSERT INTO records (id, type, category, datetime, description, tags, external_id, spent_on, generated_by) VALUES ('8bf20ef3-29a5-4ec9-a5f3-24724b465449', 'Transfer', 'f7df44db-d54a-400c-a96b-eb48ba09d08b', '2023-01-18 13:15:00.000000 +00:00', null, '{}', null, null, null);
INSERT INTO records (id, type, category, datetime, description, tags, external_id, spent_on, generated_by) VALUES ('1fa51a6a-2f5f-4fa6-902b-ed1ca5adc3a5', 'Transfer', 'f7df44db-d54a-400c-a96b-eb48ba09d08b', '2023-02-18 13:15:00.000000 +00:00', null, '{}', null, null, null);
INSERT INTO records (id, type, category, datetime, description, tags, external_id, spent_on, generated_by) VALUES ('aba99edf-6c29-4519-8e0e-de5bc82e0445', 'Transfer', 'f7df44db-d54a-400c-a96b-eb48ba09d08b', '2023-03-17 13:15:00.000000 +00:00', null, '{}', null, null, null);
INSERT INTO records (id, type, category, datetime, description, tags, external_id, spent_on, generated_by) VALUES ('dfc9f164-9123-4a9b-8cad-15f044249150', 'Transfer', 'f7df44db-d54a-400c-a96b-eb48ba09d08b', '2023-04-18 12:15:00.000000 +00:00', null, '{}', null, null, null);
INSERT INTO records (id, type, category, datetime, description, tags, external_id, spent_on, generated_by) VALUES ('e4924733-3a42-4c97-9df6-0af80048a08e', 'Transfer', 'f7df44db-d54a-400c-a96b-eb48ba09d08b', '2023-05-17 12:15:00.000000 +00:00', null, '{}', null, null, null);
INSERT INTO records (id, type, category, datetime, description, tags, external_id, spent_on, generated_by) VALUES ('f9972ba6-e40d-4018-b5ba-1d93a2ffa33d', 'Transfer', 'f7df44db-d54a-400c-a96b-eb48ba09d08b', '2023-06-19 12:15:00.000000 +00:00', null, '{}', null, null, null);
INSERT INTO records (id, type, category, datetime, description, tags, external_id, spent_on, generated_by) VALUES ('429ed28e-34cb-41c4-9653-fccaae388024', 'Transfer', 'f7df44db-d54a-400c-a96b-eb48ba09d08b', '2023-07-18 12:15:00.000000 +00:00', null, '{}', null, null, null);
INSERT INTO records (id, type, category, datetime, description, tags, external_id, spent_on, generated_by) VALUES ('7c96caa1-d134-4008-a3e8-06adfaf7dae9', 'Transfer', 'f7df44db-d54a-400c-a96b-eb48ba09d08b', '2023-08-18 12:15:00.000000 +00:00', null, '{}', null, null, null);
INSERT INTO records (id, type, category, datetime, description, tags, external_id, spent_on, generated_by) VALUES ('39d3d453-5343-4494-b277-06bd4a90fc9f', 'Transfer', 'f7df44db-d54a-400c-a96b-eb48ba09d08b', '2023-09-17 12:15:00.000000 +00:00', null, '{}', null, null, null);
INSERT INTO records (id, type, category, datetime, description, tags, external_id, spent_on, generated_by) VALUES ('98b1e0ca-5b24-410a-9ef3-f687cf2c31a3', 'Transfer', 'f7df44db-d54a-400c-a96b-eb48ba09d08b', '2023-10-17 12:15:00.000000 +00:00', null, '{}', null, null, null);
INSERT INTO records (id, type, category, datetime, description, tags, external_id, spent_on, generated_by) VALUES ('74867d2a-0d79-42f1-a462-a498c5f4b0a7', 'Transfer', 'f7df44db-d54a-400c-a96b-eb48ba09d08b', '2023-11-18 13:15:00.000000 +00:00', null, '{}', null, null, null);
INSERT INTO records (id, type, category, datetime, description, tags, external_id, spent_on, generated_by) VALUES ('a7382e17-d2b6-42ef-8dff-6590c0555f0f', 'Transfer', 'f7df44db-d54a-400c-a96b-eb48ba09d08b', '2023-12-19 13:15:00.000000 +00:00', null, '{}', null, null, null);
INSERT INTO records (id, type, category, datetime, description, tags, external_id, spent_on, generated_by) VALUES ('a5f17f7d-7038-4337-b4ce-338fd84d067b', 'Transfer', 'f7df44db-d54a-400c-a96b-eb48ba09d08b', '2024-01-17 13:15:00.000000 +00:00', null, '{}', null, null, null);
INSERT INTO records (id, type, category, datetime, description, tags, external_id, spent_on, generated_by) VALUES ('2d8ecc89-f068-413f-93f1-dfda6b57cfa4', 'Transfer', 'f7df44db-d54a-400c-a96b-eb48ba09d08b', '2024-02-15 13:15:00.000000 +00:00', null, '{}', null, null, null);
INSERT INTO records (id, type, category, datetime, description, tags, external_id, spent_on, generated_by) VALUES ('afd203fb-8ac9-4eb6-8212-3ab5d0f5166b', 'Transfer', 'f7df44db-d54a-400c-a96b-eb48ba09d08b', '2024-03-19 13:15:00.000000 +00:00', null, '{}', null, null, null);
INSERT INTO records (id, type, category, datetime, description, tags, external_id, spent_on, generated_by) VALUES ('2157eca0-52a6-45b5-8122-5598e2adeb2f', 'Transfer', 'f7df44db-d54a-400c-a96b-eb48ba09d08b', '2024-04-18 12:15:00.000000 +00:00', null, '{}', null, null, null);
INSERT INTO records (id, type, category, datetime, description, tags, external_id, spent_on, generated_by) VALUES ('cdfeae18-d24a-4c34-b746-4383b4f1d55e', 'Transfer', 'f7df44db-d54a-400c-a96b-eb48ba09d08b', '2023-01-17 13:15:00.000000 +00:00', null, '{}', null, null, null);
INSERT INTO records (id, type, category, datetime, description, tags, external_id, spent_on, generated_by) VALUES ('1e25a1e0-84a6-4abf-85a9-fbaa0764ab4e', 'Transfer', 'f7df44db-d54a-400c-a96b-eb48ba09d08b', '2023-02-18 13:15:00.000000 +00:00', null, '{}', null, null, null);
INSERT INTO records (id, type, category, datetime, description, tags, external_id, spent_on, generated_by) VALUES ('272ab08c-ef2b-4a68-bb11-42544191934d', 'Transfer', 'f7df44db-d54a-400c-a96b-eb48ba09d08b', '2023-03-15 13:15:00.000000 +00:00', null, '{}', null, null, null);
INSERT INTO records (id, type, category, datetime, description, tags, external_id, spent_on, generated_by) VALUES ('6d09bf53-bcc2-4dff-9a02-bc0923a481f6', 'Transfer', 'f7df44db-d54a-400c-a96b-eb48ba09d08b', '2023-04-16 12:15:00.000000 +00:00', null, '{}', null, null, null);
INSERT INTO records (id, type, category, datetime, description, tags, external_id, spent_on, generated_by) VALUES ('1646f1d0-e851-4a80-83ee-8ee91b0cc9c6', 'Transfer', 'f7df44db-d54a-400c-a96b-eb48ba09d08b', '2023-04-14 12:15:00.000000 +00:00', null, '{}', null, null, null);
INSERT INTO records (id, type, category, datetime, description, tags, external_id, spent_on, generated_by) VALUES ('b694c406-b480-42cc-a5d3-3658ae008fee', 'Transfer', 'f7df44db-d54a-400c-a96b-eb48ba09d08b', '2023-05-18 12:15:00.000000 +00:00', null, '{}', null, null, null);
INSERT INTO records (id, type, category, datetime, description, tags, external_id, spent_on, generated_by) VALUES ('bc3340a5-c6b8-4a9c-b5e9-6ce408023a6a', 'Transfer', 'f7df44db-d54a-400c-a96b-eb48ba09d08b', '2023-06-20 12:15:00.000000 +00:00', null, '{}', null, null, null);
INSERT INTO records (id, type, category, datetime, description, tags, external_id, spent_on, generated_by) VALUES ('f815d78c-57a9-44b2-870a-50600a062b52', 'Transfer', 'f7df44db-d54a-400c-a96b-eb48ba09d08b', '2023-07-19 12:15:00.000000 +00:00', null, '{}', null, null, null);
INSERT INTO records (id, type, category, datetime, description, tags, external_id, spent_on, generated_by) VALUES ('edb1988d-9b93-4050-ac11-244e9be85d6f', 'Transfer', 'f7df44db-d54a-400c-a96b-eb48ba09d08b', '2023-08-22 12:15:00.000000 +00:00', null, '{}', null, null, null);
INSERT INTO records (id, type, category, datetime, description, tags, external_id, spent_on, generated_by) VALUES ('dd2dd676-8b23-49ed-bdac-56886fc6b610', 'Transfer', 'f7df44db-d54a-400c-a96b-eb48ba09d08b', '2023-09-16 12:15:00.000000 +00:00', null, '{}', null, null, null);
INSERT INTO records (id, type, category, datetime, description, tags, external_id, spent_on, generated_by) VALUES ('5dcd7650-4a31-4326-9627-aa171bce201e', 'Transfer', 'f7df44db-d54a-400c-a96b-eb48ba09d08b', '2023-10-16 12:15:00.000000 +00:00', null, '{}', null, null, null);
INSERT INTO records (id, type, category, datetime, description, tags, external_id, spent_on, generated_by) VALUES ('ef076ee0-f76e-45f2-aaf3-ac5fe155c46e', 'Transfer', 'f7df44db-d54a-400c-a96b-eb48ba09d08b', '2023-11-14 13:15:00.000000 +00:00', null, '{}', null, null, null);
INSERT INTO records (id, type, category, datetime, description, tags, external_id, spent_on, generated_by) VALUES ('f9293c77-9642-471a-a14c-d889ba04f356', 'Transfer', 'f7df44db-d54a-400c-a96b-eb48ba09d08b', '2023-12-17 13:15:00.000000 +00:00', null, '{}', null, null, null);
INSERT INTO records (id, type, category, datetime, description, tags, external_id, spent_on, generated_by) VALUES ('22c64ce7-95f7-4be7-84a7-0d193a759382', 'Transfer', 'f7df44db-d54a-400c-a96b-eb48ba09d08b', '2024-01-17 13:15:00.000000 +00:00', null, '{}', null, null, null);
INSERT INTO records (id, type, category, datetime, description, tags, external_id, spent_on, generated_by) VALUES ('c2e3a7d3-be2e-471c-b8a8-37dd7e8e2a07', 'Transfer', 'f7df44db-d54a-400c-a96b-eb48ba09d08b', '2024-02-13 13:15:00.000000 +00:00', null, '{}', null, null, null);
INSERT INTO records (id, type, category, datetime, description, tags, external_id, spent_on, generated_by) VALUES ('30ff572c-bba0-4126-97c7-5c09f3ebcfb8', 'Transfer', 'f7df44db-d54a-400c-a96b-eb48ba09d08b', '2024-03-19 13:15:00.000000 +00:00', null, '{}', null, null, null);
INSERT INTO records (id, type, category, datetime, description, tags, external_id, spent_on, generated_by) VALUES ('280753f8-58a3-4f92-8953-56a85365a7b8', 'Transfer', 'f7df44db-d54a-400c-a96b-eb48ba09d08b', '2024-04-11 12:15:00.000000 +00:00', null, '{}', null, null, null);
INSERT INTO records (id, type, category, datetime, description, tags, external_id, spent_on, generated_by) VALUES ('c84bfb54-7e3b-4fbe-b7f7-052d2938ab51', 'Transfer', '5810e065-7a79-4951-b4aa-4ac25bdba930', '2023-01-16 07:11:00.000000 +00:00', null, '{}', null, null, null);
INSERT INTO records (id, type, category, datetime, description, tags, external_id, spent_on, generated_by) VALUES ('aab64fbb-4386-48d3-9b06-b266b503df03', 'Transfer', '5810e065-7a79-4951-b4aa-4ac25bdba930', '2023-02-16 07:11:00.000000 +00:00', null, '{}', null, null, null);
INSERT INTO records (id, type, category, datetime, description, tags, external_id, spent_on, generated_by) VALUES ('1d4a8a86-9dc3-48f2-833c-ed9eccaa44de', 'Transfer', '5810e065-7a79-4951-b4aa-4ac25bdba930', '2023-03-24 07:11:00.000000 +00:00', null, '{}', null, null, null);
INSERT INTO records (id, type, category, datetime, description, tags, external_id, spent_on, generated_by) VALUES ('fa83c1b8-31f1-41ac-bd4b-2ffb78b12013', 'Transfer', '5810e065-7a79-4951-b4aa-4ac25bdba930', '2023-04-21 06:11:00.000000 +00:00', null, '{}', null, null, null);
INSERT INTO records (id, type, category, datetime, description, tags, external_id, spent_on, generated_by) VALUES ('929da5f3-8da0-47b8-b404-f423bb065dc8', 'Transfer', '5810e065-7a79-4951-b4aa-4ac25bdba930', '2023-06-13 09:32:00.000000 +00:00', null, '{}', null, null, null);
INSERT INTO records (id, type, category, datetime, description, tags, external_id, spent_on, generated_by) VALUES ('0bad9ccd-cdea-49df-bf32-2426f384372c', 'Transfer', '5810e065-7a79-4951-b4aa-4ac25bdba930', '2023-07-12 09:32:00.000000 +00:00', null, '{}', null, null, null);
INSERT INTO records (id, type, category, datetime, description, tags, external_id, spent_on, generated_by) VALUES ('33bcbb49-d543-433a-9580-019f8d4460cc', 'Transfer', '5810e065-7a79-4951-b4aa-4ac25bdba930', '2023-08-15 09:32:00.000000 +00:00', null, '{}', null, null, null);
INSERT INTO records (id, type, category, datetime, description, tags, external_id, spent_on, generated_by) VALUES ('832864a0-71f2-4ca0-a5d5-ec148e265b24', 'Transfer', '5810e065-7a79-4951-b4aa-4ac25bdba930', '2023-09-20 09:32:00.000000 +00:00', null, '{}', null, null, null);
INSERT INTO records (id, type, category, datetime, description, tags, external_id, spent_on, generated_by) VALUES ('85a7913f-c2d2-4159-90c5-a99e9c11b877', 'Transfer', '5810e065-7a79-4951-b4aa-4ac25bdba930', '2023-10-17 09:32:00.000000 +00:00', null, '{}', null, null, null);
INSERT INTO records (id, type, category, datetime, description, tags, external_id, spent_on, generated_by) VALUES ('d9af0216-35b1-4b16-9c25-15ce7ab66be2', 'Transfer', '5810e065-7a79-4951-b4aa-4ac25bdba930', '2023-11-16 10:32:00.000000 +00:00', null, '{}', null, null, null);
INSERT INTO records (id, type, category, datetime, description, tags, external_id, spent_on, generated_by) VALUES ('c0cee40f-55d2-4925-b359-5acda61a75ae', 'Transfer', '5810e065-7a79-4951-b4aa-4ac25bdba930', '2023-12-14 10:32:00.000000 +00:00', null, '{}', null, null, null);
INSERT INTO records (id, type, category, datetime, description, tags, external_id, spent_on, generated_by) VALUES ('ec48a7da-683e-46e0-a4ba-18c4d36580e6', 'Transfer', '5810e065-7a79-4951-b4aa-4ac25bdba930', '2024-01-23 10:32:00.000000 +00:00', null, '{}', null, null, null);
INSERT INTO records (id, type, category, datetime, description, tags, external_id, spent_on, generated_by) VALUES ('dfc411f3-5aef-4566-81f5-1f7eef504629', 'Transfer', '5810e065-7a79-4951-b4aa-4ac25bdba930', '2024-02-14 10:32:00.000000 +00:00', null, '{}', null, null, null);
INSERT INTO records (id, type, category, datetime, description, tags, external_id, spent_on, generated_by) VALUES ('4cf6c6db-99de-4c8d-acc1-9e4ce1a6c7c1', 'Transfer', '5810e065-7a79-4951-b4aa-4ac25bdba930', '2024-03-30 10:32:00.000000 +00:00', null, '{}', null, null, null);
INSERT INTO records (id, type, category, datetime, description, tags, external_id, spent_on, generated_by) VALUES ('0e81d7ac-ed47-4716-a4bb-ee297ca9baf3', 'Transfer', '5810e065-7a79-4951-b4aa-4ac25bdba930', '2023-01-07 10:32:00.000000 +00:00', null, '{}', null, null, null);
INSERT INTO records (id, type, category, datetime, description, tags, external_id, spent_on, generated_by) VALUES ('8a7d12cf-0639-4e22-bd31-5a1daf0cb298', 'Transfer', '5810e065-7a79-4951-b4aa-4ac25bdba930', '2023-05-25 09:32:00.000000 +00:00', null, '{}', null, null, null);
INSERT INTO records (id, type, category, datetime, description, tags, external_id, spent_on, generated_by) VALUES ('ee601d03-f4ff-47e5-bc35-89e64513deec', 'Transfer', '5810e065-7a79-4951-b4aa-4ac25bdba930', '2023-07-21 09:32:00.000000 +00:00', null, '{}', null, null, null);
INSERT INTO records (id, type, category, datetime, description, tags, external_id, spent_on, generated_by) VALUES ('d27596a8-8752-4d99-add1-72d44a2d76a5', 'Transfer', '5810e065-7a79-4951-b4aa-4ac25bdba930', '2023-08-25 09:32:00.000000 +00:00', null, '{}', null, null, null);
INSERT INTO records (id, type, category, datetime, description, tags, external_id, spent_on, generated_by) VALUES ('d304d13e-c5e2-4cb4-b8b5-f2f3cd901d47', 'Transfer', '5810e065-7a79-4951-b4aa-4ac25bdba930', '2024-01-19 10:32:00.000000 +00:00', null, '{}', null, null, null);
INSERT INTO records (id, type, category, datetime, description, tags, external_id, spent_on, generated_by) VALUES ('c522d927-38ca-475c-abda-7a705b28dab6', 'Transfer', 'f7df44db-d54a-400c-a96b-eb48ba09d08b', '2024-02-28 10:32:00.000000 +00:00', null, '{}', null, null, null);
INSERT INTO records (id, type, category, datetime, description, tags, external_id, spent_on, generated_by) VALUES ('94e3d7ab-b459-481a-a012-6734abb8780c', 'Spending', 'ae53da66-c69f-49d6-8189-992e7e3634b0', '2024-02-28 10:32:00.000000 +00:00', null, '{}', null, null, null);
INSERT INTO records (id, type, category, datetime, description, tags, external_id, spent_on, generated_by) VALUES ('0eb21146-9a3b-4cce-9c29-f6d4bca955ac', 'Transfer', 'f7df44db-d54a-400c-a96b-eb48ba09d08b', '2024-03-30 10:32:00.000000 +00:00', null, '{}', null, null, null);
INSERT INTO records (id, type, category, datetime, description, tags, external_id, spent_on, generated_by) VALUES ('d620041d-520e-4ce2-87c5-f2add7240e97', 'Spending', 'ae53da66-c69f-49d6-8189-992e7e3634b0', '2024-03-30 10:32:00.000000 +00:00', null, '{}', null, null, null);
INSERT INTO records (id, type, category, datetime, description, tags, external_id, spent_on, generated_by) VALUES ('9edf2766-06f6-408b-abe7-900a8765f417', 'Spending', 'ae53da66-c69f-49d6-8189-992e7e3634b0', '2024-05-02 18:49:00.000000 +00:00', null, '{}', null, null, null);
INSERT INTO records (id, type, category, datetime, description, tags, external_id, spent_on, generated_by) VALUES ('9c2e5abc-8eae-4802-83f4-4c01280ec333', 'Transfer', 'f7df44db-d54a-400c-a96b-eb48ba09d08b', '2024-04-16 09:49:00.000000 +00:00', null, '{}', null, null, null);
INSERT INTO records (id, type, category, datetime, description, tags, external_id, spent_on, generated_by) VALUES ('06632bdf-e697-4dc7-b593-d91999a05610', 'Spending', 'ae53da66-c69f-49d6-8189-992e7e3634b0', '2024-04-16 09:49:00.000000 +00:00', null, '{}', null, null, null);
INSERT INTO records (id, type, category, datetime, description, tags, external_id, spent_on, generated_by) VALUES ('e02803e6-00c5-47c9-825f-a083068e866b', 'Transfer', '5810e065-7a79-4951-b4aa-4ac25bdba930', '2024-04-16 09:49:00.000000 +00:00', null, '{}', null, null, null);
INSERT INTO records (id, type, category, datetime, description, tags, external_id, spent_on, generated_by) VALUES ('367a41e8-f4c7-46fc-b5ac-474b1de5f2da', 'Transfer', '5810e065-7a79-4951-b4aa-4ac25bdba930', '2024-04-16 09:50:00.000000 +00:00', null, '{}', null, null, null);
INSERT INTO records (id, type, category, datetime, description, tags, external_id, spent_on, generated_by) VALUES ('6e51ab54-f57a-4c49-b219-6247c34a6ed7', 'Transfer', '5810e065-7a79-4951-b4aa-4ac25bdba930', '2024-04-16 09:50:00.000000 +00:00', null, '{}', null, null, null);
INSERT INTO records (id, type, category, datetime, description, tags, external_id, spent_on, generated_by) VALUES ('182a3d2f-1cf0-4c73-ada2-4a16038da161', 'Transfer', '5810e065-7a79-4951-b4aa-4ac25bdba930', '2024-05-03 09:50:00.000000 +00:00', null, '{}', null, null, null);
INSERT INTO records (id, type, category, datetime, description, tags, external_id, spent_on, generated_by) VALUES ('fff951ba-b21d-4a85-81ea-5446d3c58e71', 'Spending', 'bab910b2-1964-4876-bda8-adcccfb82af4', '2023-01-19 19:57:00.000000 +00:00', 'Apple Music', '{}', null, null, null);
INSERT INTO records (id, type, category, datetime, description, tags, external_id, spent_on, generated_by) VALUES ('5ca99f70-c5fe-4d34-aae8-dfcbd63b89f9', 'Spending', 'bab910b2-1964-4876-bda8-adcccfb82af4', '2023-03-19 19:57:00.000000 +00:00', 'Apple Music', '{}', null, null, null);
INSERT INTO records (id, type, category, datetime, description, tags, external_id, spent_on, generated_by) VALUES ('77ac8044-18ae-42ea-ba8b-3bcb48fc07f4', 'Spending', 'bab910b2-1964-4876-bda8-adcccfb82af4', '2023-05-19 18:57:00.000000 +00:00', 'Apple Music', '{}', null, null, null);
INSERT INTO records (id, type, category, datetime, description, tags, external_id, spent_on, generated_by) VALUES ('f234ef27-a613-40c5-82f3-ea0df3696430', 'Spending', 'bab910b2-1964-4876-bda8-adcccfb82af4', '2023-07-19 18:57:00.000000 +00:00', 'Apple Music', '{}', null, null, null);
INSERT INTO records (id, type, category, datetime, description, tags, external_id, spent_on, generated_by) VALUES ('c2012495-b053-4518-9548-cf83d99988d3', 'Spending', 'bab910b2-1964-4876-bda8-adcccfb82af4', '2023-09-19 18:57:00.000000 +00:00', 'Apple Music', '{}', null, null, null);
INSERT INTO records (id, type, category, datetime, description, tags, external_id, spent_on, generated_by) VALUES ('1e0b430c-4804-49ea-ace6-f4be1651e4d3', 'Spending', 'bab910b2-1964-4876-bda8-adcccfb82af4', '2023-11-19 19:57:00.000000 +00:00', 'Apple Music', '{}', null, null, null);
INSERT INTO records (id, type, category, datetime, description, tags, external_id, spent_on, generated_by) VALUES ('2af3138b-7a8e-4775-b81d-d672931bb27c', 'Spending', 'bab910b2-1964-4876-bda8-adcccfb82af4', '2024-01-19 19:57:00.000000 +00:00', 'Apple Music', '{}', null, null, null);
INSERT INTO records (id, type, category, datetime, description, tags, external_id, spent_on, generated_by) VALUES ('9f32d218-3264-46a8-b1d4-45fc0b2a8dee', 'Spending', 'bab910b2-1964-4876-bda8-adcccfb82af4', '2024-03-19 19:57:00.000000 +00:00', 'Apple Music', '{}', null, null, null);
INSERT INTO records (id, type, category, datetime, description, tags, external_id, spent_on, generated_by) VALUES ('c7710a3a-dff5-43a6-89b8-d9d7e30f5b9d', 'Spending', 'bab910b2-1964-4876-bda8-adcccfb82af4', '2023-01-10 19:57:00.000000 +00:00', 'YouTube', '{}', null, null, null);
INSERT INTO records (id, type, category, datetime, description, tags, external_id, spent_on, generated_by) VALUES ('84eda79e-130f-4345-bb2a-7c7fe16d99fb', 'Spending', 'bab910b2-1964-4876-bda8-adcccfb82af4', '2023-02-10 19:57:00.000000 +00:00', 'YouTube', '{}', null, null, null);
INSERT INTO records (id, type, category, datetime, description, tags, external_id, spent_on, generated_by) VALUES ('fd8a9a5d-b2b8-40cf-b071-3a86f79070ee', 'Spending', 'bab910b2-1964-4876-bda8-adcccfb82af4', '2023-02-19 19:57:00.000000 +00:00', 'Apple Music', '{}', null, null, null);
INSERT INTO records (id, type, category, datetime, description, tags, external_id, spent_on, generated_by) VALUES ('c3b9084f-2766-40a8-b85a-f92ce66db52a', 'Spending', 'bab910b2-1964-4876-bda8-adcccfb82af4', '2023-04-19 18:57:00.000000 +00:00', 'Apple Music', '{}', null, null, null);
INSERT INTO records (id, type, category, datetime, description, tags, external_id, spent_on, generated_by) VALUES ('309a1d4e-babf-4bf8-a51e-2b361e0d8a3d', 'Spending', 'bab910b2-1964-4876-bda8-adcccfb82af4', '2023-06-19 18:57:00.000000 +00:00', 'Apple Music', '{}', null, null, null);
INSERT INTO records (id, type, category, datetime, description, tags, external_id, spent_on, generated_by) VALUES ('57b2fa84-760b-4729-9ccc-f0ec87199552', 'Spending', 'bab910b2-1964-4876-bda8-adcccfb82af4', '2023-08-19 18:57:00.000000 +00:00', 'Apple Music', '{}', null, null, null);
INSERT INTO records (id, type, category, datetime, description, tags, external_id, spent_on, generated_by) VALUES ('844bd2d8-bb4a-4f16-bcad-5c0336691b26', 'Spending', 'bab910b2-1964-4876-bda8-adcccfb82af4', '2023-10-19 18:57:00.000000 +00:00', 'Apple Music', '{}', null, null, null);
INSERT INTO records (id, type, category, datetime, description, tags, external_id, spent_on, generated_by) VALUES ('a72edf7d-f526-4391-8218-b80d4535de8b', 'Spending', 'bab910b2-1964-4876-bda8-adcccfb82af4', '2023-12-19 19:57:00.000000 +00:00', 'Apple Music', '{}', null, null, null);
INSERT INTO records (id, type, category, datetime, description, tags, external_id, spent_on, generated_by) VALUES ('eca16466-520d-41de-b7cb-63012e9e4ee7', 'Spending', 'bab910b2-1964-4876-bda8-adcccfb82af4', '2024-02-19 19:57:00.000000 +00:00', 'Apple Music', '{}', null, null, null);
INSERT INTO records (id, type, category, datetime, description, tags, external_id, spent_on, generated_by) VALUES ('e1c8c4c7-669e-4f36-af27-35bcf0cf06b2', 'Spending', 'bab910b2-1964-4876-bda8-adcccfb82af4', '2024-04-19 18:57:00.000000 +00:00', 'Apple Music', '{}', null, null, null);
INSERT INTO records (id, type, category, datetime, description, tags, external_id, spent_on, generated_by) VALUES ('4b818382-3590-4045-aadf-ee28e4717ecf', 'Spending', 'bab910b2-1964-4876-bda8-adcccfb82af4', '2023-03-10 19:57:00.000000 +00:00', 'YouTube', '{}', null, null, null);
INSERT INTO records (id, type, category, datetime, description, tags, external_id, spent_on, generated_by) VALUES ('d84f2c28-2e46-42ad-991d-7f6ebe1eb4e4', 'Spending', 'bab910b2-1964-4876-bda8-adcccfb82af4', '2023-04-10 18:57:00.000000 +00:00', 'YouTube', '{}', null, null, null);
INSERT INTO records (id, type, category, datetime, description, tags, external_id, spent_on, generated_by) VALUES ('d4e73dfe-9b95-4690-8af1-3535da486022', 'Spending', 'bab910b2-1964-4876-bda8-adcccfb82af4', '2023-05-10 18:57:00.000000 +00:00', 'YouTube', '{}', null, null, null);
INSERT INTO records (id, type, category, datetime, description, tags, external_id, spent_on, generated_by) VALUES ('13782e6a-48ae-4981-b138-9b1103418a22', 'Spending', 'bab910b2-1964-4876-bda8-adcccfb82af4', '2023-06-10 18:57:00.000000 +00:00', 'YouTube', '{}', null, null, null);
INSERT INTO records (id, type, category, datetime, description, tags, external_id, spent_on, generated_by) VALUES ('3fe97ec5-85a6-4b46-8e46-d7e75f4f4403', 'Spending', 'bab910b2-1964-4876-bda8-adcccfb82af4', '2023-07-10 18:57:00.000000 +00:00', 'YouTube', '{}', null, null, null);
INSERT INTO records (id, type, category, datetime, description, tags, external_id, spent_on, generated_by) VALUES ('5b489bab-501e-45ca-9fc4-e8d3fc3a917e', 'Spending', 'bab910b2-1964-4876-bda8-adcccfb82af4', '2023-08-10 18:57:00.000000 +00:00', 'YouTube', '{}', null, null, null);
INSERT INTO records (id, type, category, datetime, description, tags, external_id, spent_on, generated_by) VALUES ('508dec71-7cc4-4058-b7a0-264bedad7137', 'Spending', 'bab910b2-1964-4876-bda8-adcccfb82af4', '2023-09-10 18:57:00.000000 +00:00', 'YouTube', '{}', null, null, null);
INSERT INTO records (id, type, category, datetime, description, tags, external_id, spent_on, generated_by) VALUES ('fd24d6f4-fd53-4206-8579-778651e79656', 'Spending', 'bab910b2-1964-4876-bda8-adcccfb82af4', '2023-10-10 18:57:00.000000 +00:00', 'YouTube', '{}', null, null, null);
INSERT INTO records (id, type, category, datetime, description, tags, external_id, spent_on, generated_by) VALUES ('fd09bb9b-8572-476e-8c49-d817640ca756', 'Spending', 'bab910b2-1964-4876-bda8-adcccfb82af4', '2023-11-10 19:57:00.000000 +00:00', 'YouTube', '{}', null, null, null);
INSERT INTO records (id, type, category, datetime, description, tags, external_id, spent_on, generated_by) VALUES ('85fd2d96-bac3-4fa4-b417-13dc1517161c', 'Spending', 'bab910b2-1964-4876-bda8-adcccfb82af4', '2023-12-10 19:57:00.000000 +00:00', 'YouTube', '{}', null, null, null);
INSERT INTO records (id, type, category, datetime, description, tags, external_id, spent_on, generated_by) VALUES ('3f7beb67-8467-4463-8fdd-dd1cc197e54b', 'Spending', 'bab910b2-1964-4876-bda8-adcccfb82af4', '2024-01-10 19:57:00.000000 +00:00', 'YouTube', '{}', null, null, null);
INSERT INTO records (id, type, category, datetime, description, tags, external_id, spent_on, generated_by) VALUES ('b21f5ba5-23e2-4189-aa84-a0ee641ceed6', 'Spending', 'bab910b2-1964-4876-bda8-adcccfb82af4', '2024-02-10 19:57:00.000000 +00:00', 'YouTube', '{}', null, null, null);
INSERT INTO records (id, type, category, datetime, description, tags, external_id, spent_on, generated_by) VALUES ('090291fc-674f-4fc5-bcfc-bdd7cf9c7fd6', 'Spending', 'bab910b2-1964-4876-bda8-adcccfb82af4', '2024-03-10 19:57:00.000000 +00:00', 'YouTube', '{}', null, null, null);
INSERT INTO records (id, type, category, datetime, description, tags, external_id, spent_on, generated_by) VALUES ('1f042076-5315-468e-b9ee-00b8d3de5d9c', 'Spending', 'bab910b2-1964-4876-bda8-adcccfb82af4', '2024-04-10 18:57:00.000000 +00:00', 'YouTube', '{}', null, null, null);
INSERT INTO records (id, type, category, datetime, description, tags, external_id, spent_on, generated_by) VALUES ('607d38ff-22b0-4956-aaa2-8be7ccc7880a', 'Spending', '0f1b40d2-295e-4376-a804-b3cc9f6d2744', '2023-01-03 19:57:00.000000 +00:00', 'YouTube', '{}', null, null, null);
INSERT INTO records (id, type, category, datetime, description, tags, external_id, spent_on, generated_by) VALUES ('dc8ae324-f3dc-43ff-9ba7-8c9bb5ef4d1e', 'Spending', '0f1b40d2-295e-4376-a804-b3cc9f6d2744', '2023-02-03 19:57:00.000000 +00:00', 'YouTube', '{}', null, null, null);
INSERT INTO records (id, type, category, datetime, description, tags, external_id, spent_on, generated_by) VALUES ('ef8e4a20-08fc-4a8d-9ff9-628cf33981cf', 'Spending', '0f1b40d2-295e-4376-a804-b3cc9f6d2744', '2023-03-02 19:57:00.000000 +00:00', 'YouTube', '{}', null, null, null);
INSERT INTO records (id, type, category, datetime, description, tags, external_id, spent_on, generated_by) VALUES ('77556712-7613-401d-b5d8-1ddb2e9af41c', 'Spending', '0f1b40d2-295e-4376-a804-b3cc9f6d2744', '2023-04-03 18:57:00.000000 +00:00', 'YouTube', '{}', null, null, null);
INSERT INTO records (id, type, category, datetime, description, tags, external_id, spent_on, generated_by) VALUES ('40ad8b8e-9a4c-4916-b2cb-772edfea6a61', 'Spending', '0f1b40d2-295e-4376-a804-b3cc9f6d2744', '2023-05-02 18:57:00.000000 +00:00', 'YouTube', '{}', null, null, null);
INSERT INTO records (id, type, category, datetime, description, tags, external_id, spent_on, generated_by) VALUES ('da35905d-ce2f-4c9d-8b2b-a61ecef1c3eb', 'Spending', '0f1b40d2-295e-4376-a804-b3cc9f6d2744', '2023-06-01 18:57:00.000000 +00:00', 'YouTube', '{}', null, null, null);
INSERT INTO records (id, type, category, datetime, description, tags, external_id, spent_on, generated_by) VALUES ('b95dac80-af68-494e-aef6-b9d777180ecf', 'Spending', '0f1b40d2-295e-4376-a804-b3cc9f6d2744', '2023-07-03 18:57:00.000000 +00:00', 'YouTube', '{}', null, null, null);
INSERT INTO records (id, type, category, datetime, description, tags, external_id, spent_on, generated_by) VALUES ('70df3871-e5e9-4128-9810-57f41036a6f7', 'Spending', '0f1b40d2-295e-4376-a804-b3cc9f6d2744', '2023-08-01 18:57:00.000000 +00:00', 'YouTube', '{}', null, null, null);
INSERT INTO records (id, type, category, datetime, description, tags, external_id, spent_on, generated_by) VALUES ('ebd6e1ae-ce06-40c8-af84-05b2deb8b27d', 'Spending', '0f1b40d2-295e-4376-a804-b3cc9f6d2744', '2023-09-01 18:57:00.000000 +00:00', 'YouTube', '{}', null, null, null);
INSERT INTO records (id, type, category, datetime, description, tags, external_id, spent_on, generated_by) VALUES ('4a501278-3fc0-45d9-ae40-5f499f458f3b', 'Spending', '0f1b40d2-295e-4376-a804-b3cc9f6d2744', '2023-10-02 18:57:00.000000 +00:00', 'YouTube', '{}', null, null, null);
INSERT INTO records (id, type, category, datetime, description, tags, external_id, spent_on, generated_by) VALUES ('33b891d6-876d-48ca-8443-e1948d2c05a2', 'Spending', '0f1b40d2-295e-4376-a804-b3cc9f6d2744', '2023-11-02 19:57:00.000000 +00:00', 'YouTube', '{}', null, null, null);
INSERT INTO records (id, type, category, datetime, description, tags, external_id, spent_on, generated_by) VALUES ('959f9fe0-5731-4dc2-b59a-29f4dfcd54ca', 'Spending', '0f1b40d2-295e-4376-a804-b3cc9f6d2744', '2023-12-01 19:57:00.000000 +00:00', 'YouTube', '{}', null, null, null);
INSERT INTO records (id, type, category, datetime, description, tags, external_id, spent_on, generated_by) VALUES ('b1941239-fdde-40d0-b912-d07537a46bcb', 'Spending', '0f1b40d2-295e-4376-a804-b3cc9f6d2744', '2024-01-02 19:57:00.000000 +00:00', 'YouTube', '{}', null, null, null);
INSERT INTO records (id, type, category, datetime, description, tags, external_id, spent_on, generated_by) VALUES ('b82934dc-f6a7-4167-9789-402d7076e44a', 'Spending', '0f1b40d2-295e-4376-a804-b3cc9f6d2744', '2024-02-01 19:57:00.000000 +00:00', 'YouTube', '{}', null, null, null);
INSERT INTO records (id, type, category, datetime, description, tags, external_id, spent_on, generated_by) VALUES ('a162731c-107f-4108-9627-31eaa1029256', 'Spending', '0f1b40d2-295e-4376-a804-b3cc9f6d2744', '2024-03-05 19:57:00.000000 +00:00', 'YouTube', '{}', null, null, null);
INSERT INTO records (id, type, category, datetime, description, tags, external_id, spent_on, generated_by) VALUES ('68420ce6-136b-4941-8081-ad0ec253bd74', 'Spending', '0f1b40d2-295e-4376-a804-b3cc9f6d2744', '2024-04-02 18:57:00.000000 +00:00', 'YouTube', '{}', null, null, null);
INSERT INTO records (id, type, category, datetime, description, tags, external_id, spent_on, generated_by) VALUES ('5ddf6acc-4eb7-4ec2-9f4f-7a4bcf7a7cfe', 'Transfer', 'f7df44db-d54a-400c-a96b-eb48ba09d08b', '2024-04-01 18:49:00.000000 +00:00', null, '{}', null, null, null);
INSERT INTO records (id, type, category, datetime, description, tags, external_id, spent_on, generated_by) VALUES ('41cd3cdd-f07f-4d27-88ed-8a25faab1d3d', 'Transfer', 'f7df44db-d54a-400c-a96b-eb48ba09d08b', '2024-04-17 09:50:00.000000 +00:00', null, '{}', null, null, null);
INSERT INTO records (id, type, category, datetime, description, tags, external_id, spent_on, generated_by) VALUES ('77181c61-884b-48c6-930e-0436b9e3e01f', 'Transfer', 'f7df44db-d54a-400c-a96b-eb48ba09d08b', '2024-04-17 09:50:00.000000 +00:00', null, '{}', null, null, null);
INSERT INTO records (id, type, category, datetime, description, tags, external_id, spent_on, generated_by) VALUES ('01d5df98-0233-45fa-98d2-07daccf82975', 'Transfer', 'f7df44db-d54a-400c-a96b-eb48ba09d08b', '2024-05-03 09:51:00.000000 +00:00', null, '{}', null, null, null);
INSERT INTO records (id, type, category, datetime, description, tags, external_id, spent_on, generated_by) VALUES ('b8375c48-3896-4cd5-bb0a-b2b5e71d56f8', 'Spending', '9c76e86f-863e-422c-8c15-ffe4c8d1105f', '2024-05-02 19:10:00.000000 +00:00', null, '{}', null, null, null);
INSERT INTO records (id, type, category, datetime, description, tags, external_id, spent_on, generated_by) VALUES ('abed6f34-bf22-483c-914f-f719072dc196', 'Spending', '9c76e86f-863e-422c-8c15-ffe4c8d1105f', '2024-04-25 19:10:00.000000 +00:00', null, '{}', null, null, null);
INSERT INTO records (id, type, category, datetime, description, tags, external_id, spent_on, generated_by) VALUES ('adc2f988-d659-454d-8821-4d36f1affe38', 'Spending', '9c76e86f-863e-422c-8c15-ffe4c8d1105f', '2024-04-10 19:10:00.000000 +00:00', null, '{}', null, null, null);
INSERT INTO records (id, type, category, datetime, description, tags, external_id, spent_on, generated_by) VALUES ('5740e34b-65a6-4639-903f-a8b1d3925211', 'Spending', '9c76e86f-863e-422c-8c15-ffe4c8d1105f', '2024-03-06 10:03:00.000000 +00:00', null, '{}', null, null, null);
INSERT INTO records (id, type, category, datetime, description, tags, external_id, spent_on, generated_by) VALUES ('5674f731-86af-4bbb-a4df-d9f61368b9f1', 'Spending', '9c76e86f-863e-422c-8c15-ffe4c8d1105f', '2024-02-22 10:03:00.000000 +00:00', null, '{}', null, null, null);
INSERT INTO records (id, type, category, datetime, description, tags, external_id, spent_on, generated_by) VALUES ('aa6a7569-dd36-4a8d-a85a-689fd2b2beda', 'Spending', '9c76e86f-863e-422c-8c15-ffe4c8d1105f', '2024-02-07 10:03:00.000000 +00:00', null, '{}', null, null, null);
INSERT INTO records (id, type, category, datetime, description, tags, external_id, spent_on, generated_by) VALUES ('bb528e97-1e8d-441d-9314-301bc2d17fd4', 'Spending', '9c76e86f-863e-422c-8c15-ffe4c8d1105f', '2024-01-17 10:03:00.000000 +00:00', null, '{}', null, null, null);
INSERT INTO records (id, type, category, datetime, description, tags, external_id, spent_on, generated_by) VALUES ('fb8b0b19-c65e-4680-8b41-a28fd37404fd', 'Spending', '9c76e86f-863e-422c-8c15-ffe4c8d1105f', '2024-01-02 10:03:00.000000 +00:00', null, '{}', null, null, null);
INSERT INTO records (id, type, category, datetime, description, tags, external_id, spent_on, generated_by) VALUES ('6cd1a292-13dd-47a6-a9e0-d5f78e0d2fe3', 'Spending', '9c76e86f-863e-422c-8c15-ffe4c8d1105f', '2023-12-20 10:03:00.000000 +00:00', null, '{}', null, null, null);
INSERT INTO records (id, type, category, datetime, description, tags, external_id, spent_on, generated_by) VALUES ('ecd6c7a5-5808-4fcf-9864-bf914747dd16', 'Spending', '9c76e86f-863e-422c-8c15-ffe4c8d1105f', '2023-12-05 10:03:00.000000 +00:00', null, '{}', null, null, null);
INSERT INTO records (id, type, category, datetime, description, tags, external_id, spent_on, generated_by) VALUES ('e64aebff-6f17-473e-854e-417b11a30af7', 'Spending', '9c76e86f-863e-422c-8c15-ffe4c8d1105f', '2023-11-21 10:03:00.000000 +00:00', null, '{}', null, null, null);
INSERT INTO records (id, type, category, datetime, description, tags, external_id, spent_on, generated_by) VALUES ('8bad8099-fb91-4b2b-8295-ee9904a919d6', 'Spending', '9c76e86f-863e-422c-8c15-ffe4c8d1105f', '2023-10-13 09:03:00.000000 +00:00', null, '{}', null, null, null);
INSERT INTO records (id, type, category, datetime, description, tags, external_id, spent_on, generated_by) VALUES ('37d5363f-dbf2-4dfd-b193-a8bac7d2793c', 'Spending', '9c76e86f-863e-422c-8c15-ffe4c8d1105f', '2023-10-04 09:03:00.000000 +00:00', null, '{}', null, null, null);
INSERT INTO records (id, type, category, datetime, description, tags, external_id, spent_on, generated_by) VALUES ('d99d424d-0bea-46b8-8b3f-7cfec0555684', 'Spending', '9c76e86f-863e-422c-8c15-ffe4c8d1105f', '2023-09-21 09:03:00.000000 +00:00', null, '{}', null, null, null);
INSERT INTO records (id, type, category, datetime, description, tags, external_id, spent_on, generated_by) VALUES ('549babb9-12df-43b4-9b79-6272fb2920b0', 'Spending', '9c76e86f-863e-422c-8c15-ffe4c8d1105f', '2023-09-05 09:03:00.000000 +00:00', null, '{}', null, null, null);
INSERT INTO records (id, type, category, datetime, description, tags, external_id, spent_on, generated_by) VALUES ('ac80e455-a203-448f-90bb-beff399df579', 'Spending', '9c76e86f-863e-422c-8c15-ffe4c8d1105f', '2023-08-16 09:03:00.000000 +00:00', null, '{}', null, null, null);
INSERT INTO records (id, type, category, datetime, description, tags, external_id, spent_on, generated_by) VALUES ('54013254-a032-4f64-9976-d68204554ba7', 'Spending', '9c76e86f-863e-422c-8c15-ffe4c8d1105f', '2023-07-19 09:03:00.000000 +00:00', null, '{}', null, null, null);
INSERT INTO records (id, type, category, datetime, description, tags, external_id, spent_on, generated_by) VALUES ('872cae0d-981b-453c-9b91-8839876a6ea3', 'Spending', '9c76e86f-863e-422c-8c15-ffe4c8d1105f', '2023-06-09 09:03:00.000000 +00:00', null, '{}', null, null, null);
INSERT INTO records (id, type, category, datetime, description, tags, external_id, spent_on, generated_by) VALUES ('ac22d7ff-0129-49c4-b36d-fe68406e9f4a', 'Spending', '9c76e86f-863e-422c-8c15-ffe4c8d1105f', '2023-05-11 09:03:00.000000 +00:00', null, '{}', null, null, null);
INSERT INTO records (id, type, category, datetime, description, tags, external_id, spent_on, generated_by) VALUES ('085b0b14-d4b6-4240-8c97-34334cc5ee03', 'Spending', '9c76e86f-863e-422c-8c15-ffe4c8d1105f', '2023-04-20 09:03:00.000000 +00:00', null, '{}', null, null, null);
INSERT INTO records (id, type, category, datetime, description, tags, external_id, spent_on, generated_by) VALUES ('ec8b4f2a-2a2a-4fbf-a926-75cbda2f2213', 'Spending', '9c76e86f-863e-422c-8c15-ffe4c8d1105f', '2023-03-17 10:03:00.000000 +00:00', null, '{}', null, null, null);
INSERT INTO records (id, type, category, datetime, description, tags, external_id, spent_on, generated_by) VALUES ('d1cb4fcf-7d3d-4890-8c3e-3ed1dd12422f', 'Spending', '9c76e86f-863e-422c-8c15-ffe4c8d1105f', '2023-03-06 10:03:00.000000 +00:00', null, '{}', null, null, null);
INSERT INTO records (id, type, category, datetime, description, tags, external_id, spent_on, generated_by) VALUES ('c8297b49-cd03-44f4-99ea-1af795d69252', 'Spending', '9c76e86f-863e-422c-8c15-ffe4c8d1105f', '2023-02-10 10:03:00.000000 +00:00', null, '{}', null, null, null);
INSERT INTO records (id, type, category, datetime, description, tags, external_id, spent_on, generated_by) VALUES ('55c48de1-e79f-4314-a189-6ce4813a1ad0', 'Spending', '7ac6fe8b-d41d-4c56-bd18-da1dd7610056', '2023-02-08 10:03:00.000000 +00:00', null, '{}', null, null, null);
INSERT INTO records (id, type, category, datetime, description, tags, external_id, spent_on, generated_by) VALUES ('4ddc0d59-20ee-4635-99e5-3f5b4cb20cab', 'Spending', '7ac6fe8b-d41d-4c56-bd18-da1dd7610056', '2023-02-28 10:03:00.000000 +00:00', null, '{}', null, null, null);
INSERT INTO records (id, type, category, datetime, description, tags, external_id, spent_on, generated_by) VALUES ('cd6e78b9-0179-4529-a56f-849a207c9725', 'Spending', '7ac6fe8b-d41d-4c56-bd18-da1dd7610056', '2023-03-31 09:03:00.000000 +00:00', null, '{}', null, null, null);
INSERT INTO records (id, type, category, datetime, description, tags, external_id, spent_on, generated_by) VALUES ('07243052-81a2-4c08-b42c-6805aa820296', 'Spending', '7ac6fe8b-d41d-4c56-bd18-da1dd7610056', '2023-04-11 09:03:00.000000 +00:00', null, '{}', null, null, null);
INSERT INTO records (id, type, category, datetime, description, tags, external_id, spent_on, generated_by) VALUES ('b6b25a04-6a83-4520-9dac-960688ac247f', 'Spending', '7ac6fe8b-d41d-4c56-bd18-da1dd7610056', '2023-05-26 09:03:00.000000 +00:00', null, '{}', null, null, null);
INSERT INTO records (id, type, category, datetime, description, tags, external_id, spent_on, generated_by) VALUES ('54d145b9-f5d1-4d29-9289-9e300c3880de', 'Spending', '7ac6fe8b-d41d-4c56-bd18-da1dd7610056', '2023-06-24 09:03:00.000000 +00:00', null, '{}', null, null, null);
INSERT INTO records (id, type, category, datetime, description, tags, external_id, spent_on, generated_by) VALUES ('9c961635-af60-46bc-a843-d3a372faacc3', 'Spending', '7ac6fe8b-d41d-4c56-bd18-da1dd7610056', '2023-07-19 09:03:00.000000 +00:00', null, '{}', null, null, null);
INSERT INTO records (id, type, category, datetime, description, tags, external_id, spent_on, generated_by) VALUES ('c9b7b211-90b2-4106-8673-4fb214c9c623', 'Spending', '7ac6fe8b-d41d-4c56-bd18-da1dd7610056', '2023-07-29 09:03:00.000000 +00:00', null, '{}', null, null, null);
INSERT INTO records (id, type, category, datetime, description, tags, external_id, spent_on, generated_by) VALUES ('99434105-e90d-45b8-8733-fac92bad14eb', 'Spending', '7ac6fe8b-d41d-4c56-bd18-da1dd7610056', '2023-08-10 09:03:00.000000 +00:00', null, '{}', null, null, null);
INSERT INTO records (id, type, category, datetime, description, tags, external_id, spent_on, generated_by) VALUES ('73c4b965-ad94-4241-b8ce-bf8baa092958', 'Spending', '7ac6fe8b-d41d-4c56-bd18-da1dd7610056', '2023-09-19 09:03:00.000000 +00:00', null, '{}', null, null, null);
INSERT INTO records (id, type, category, datetime, description, tags, external_id, spent_on, generated_by) VALUES ('f52c41ed-8479-403f-8a20-4c3c74500b85', 'Spending', '7ac6fe8b-d41d-4c56-bd18-da1dd7610056', '2023-09-21 09:03:00.000000 +00:00', null, '{}', null, null, null);
INSERT INTO records (id, type, category, datetime, description, tags, external_id, spent_on, generated_by) VALUES ('fc016bc2-3799-4132-9860-065d90cc5045', 'Spending', '7ac6fe8b-d41d-4c56-bd18-da1dd7610056', '2023-10-03 09:03:00.000000 +00:00', null, '{}', null, null, null);
INSERT INTO records (id, type, category, datetime, description, tags, external_id, spent_on, generated_by) VALUES ('830188af-1d1b-4172-89f0-149dd1482732', 'Spending', '7ac6fe8b-d41d-4c56-bd18-da1dd7610056', '2023-11-17 10:03:00.000000 +00:00', null, '{}', null, null, null);
INSERT INTO records (id, type, category, datetime, description, tags, external_id, spent_on, generated_by) VALUES ('4656a1b5-8b01-4663-b909-a2efccceb605', 'Spending', '7ac6fe8b-d41d-4c56-bd18-da1dd7610056', '2023-12-15 10:03:00.000000 +00:00', null, '{}', null, null, null);
INSERT INTO records (id, type, category, datetime, description, tags, external_id, spent_on, generated_by) VALUES ('dc68d1cb-2485-4be6-a8a6-c4f6f4d75528', 'Spending', '7ac6fe8b-d41d-4c56-bd18-da1dd7610056', '2024-01-12 10:03:00.000000 +00:00', null, '{}', null, null, null);
INSERT INTO records (id, type, category, datetime, description, tags, external_id, spent_on, generated_by) VALUES ('c22408d9-00b6-4512-b83d-9aaa3e0f8189', 'Spending', '7ac6fe8b-d41d-4c56-bd18-da1dd7610056', '2024-02-16 10:03:00.000000 +00:00', null, '{}', null, null, null);
INSERT INTO records (id, type, category, datetime, description, tags, external_id, spent_on, generated_by) VALUES ('6fa87b09-883d-4423-8df6-9b3562f197b1', 'Spending', '7ac6fe8b-d41d-4c56-bd18-da1dd7610056', '2024-02-22 10:03:00.000000 +00:00', null, '{}', null, null, null);
INSERT INTO records (id, type, category, datetime, description, tags, external_id, spent_on, generated_by) VALUES ('ecfc4043-e000-4db2-a542-2a1bb2a3ac14', 'Spending', '7ac6fe8b-d41d-4c56-bd18-da1dd7610056', '2024-03-19 10:03:00.000000 +00:00', null, '{}', null, null, null);
INSERT INTO records (id, type, category, datetime, description, tags, external_id, spent_on, generated_by) VALUES ('62b8e7f5-a678-4b26-a74f-daa5ba7b14aa', 'Spending', '7ac6fe8b-d41d-4c56-bd18-da1dd7610056', '2024-03-22 10:03:00.000000 +00:00', null, '{}', null, null, null);
INSERT INTO records (id, type, category, datetime, description, tags, external_id, spent_on, generated_by) VALUES ('a1180513-4589-406a-9e2c-0577c93677be', 'Spending', '7ac6fe8b-d41d-4c56-bd18-da1dd7610056', '2024-04-16 09:03:00.000000 +00:00', null, '{}', null, null, null);
INSERT INTO records (id, type, category, datetime, description, tags, external_id, spent_on, generated_by) VALUES ('ac6df65d-a964-48df-886e-947f49c97405', 'Spending', '0af7fb04-6a2c-40cc-9751-69b986b71f3d', '2024-03-13 10:03:00.000000 +00:00', null, '{}', null, null, null);
INSERT INTO records (id, type, category, datetime, description, tags, external_id, spent_on, generated_by) VALUES ('a9526ee7-8a1f-4f94-8cb0-29128db235f1', 'Spending', '059618ce-d7d5-478e-9e96-697d87e2385d', '2024-05-02 11:18:00.000000 +00:00', null, '{}', null, null, null);
INSERT INTO records (id, type, category, datetime, description, tags, external_id, spent_on, generated_by) VALUES ('68aa82d5-d027-46b4-a7a9-0057b5828e47', 'Spending', '5475dbce-ef4f-40ce-a86e-118564dae8ef', '2024-04-25 11:18:00.000000 +00:00', null, '{}', null, null, null);
INSERT INTO records (id, type, category, datetime, description, tags, external_id, spent_on, generated_by) VALUES ('58cffd36-43ca-49fd-9780-64ad82326b0a', 'Spending', '9c76e86f-863e-422c-8c15-ffe4c8d1105f', '2024-03-21 12:56:00.000000 +00:00', null, '{}', null, null, null);
INSERT INTO records (id, type, category, datetime, description, tags, external_id, spent_on, generated_by) VALUES ('bcc03c67-d6d9-423f-b02f-39e7aecb5def', 'Spending', '5475dbce-ef4f-40ce-a86e-118564dae8ef', '2024-04-25 11:56:00.000000 +00:00', null, '{}', null, null, null);

--transactions
INSERT INTO transactions (id, account, asset, amount) VALUES ('172ca444-c7d0-4212-88f9-3d335d117d3a', '971d3ccb-6f74-4209-aff9-195a7a68f309', '7b2d9229-9c91-41ec-ac19-32804cf3b5e9', 52196.550000000000000000);
INSERT INTO transactions (id, account, asset, amount) VALUES ('d9c2aeae-9360-4535-8434-9945e9971916', '971d3ccb-6f74-4209-aff9-195a7a68f309', '7b2d9229-9c91-41ec-ac19-32804cf3b5e9', 99196.650000000000000000);
INSERT INTO transactions (id, account, asset, amount) VALUES ('250e4070-c4bc-4ba5-b15b-823dc231e2aa', '971d3ccb-6f74-4209-aff9-195a7a68f309', '7b2d9229-9c91-41ec-ac19-32804cf3b5e9', 81186.680000000000000000);
INSERT INTO transactions (id, account, asset, amount) VALUES ('401ae279-9f2e-4d87-b5c3-f315c7a56faa', '971d3ccb-6f74-4209-aff9-195a7a68f309', '7b2d9229-9c91-41ec-ac19-32804cf3b5e9', 102186.680000000000000000);
INSERT INTO transactions (id, account, asset, amount) VALUES ('bed7df9c-b116-42b1-9859-57e9ae5aad2b', '971d3ccb-6f74-4209-aff9-195a7a68f309', '7b2d9229-9c91-41ec-ac19-32804cf3b5e9', 40186.180000000000000000);
INSERT INTO transactions (id, account, asset, amount) VALUES ('02431692-f288-465b-90e0-d9958d996c75', '971d3ccb-6f74-4209-aff9-195a7a68f309', '7b2d9229-9c91-41ec-ac19-32804cf3b5e9', 150999.180000000000000000);
INSERT INTO transactions (id, account, asset, amount) VALUES ('93e06845-a2e5-4217-9fc4-3f9c7e0d691c', '971d3ccb-6f74-4209-aff9-195a7a68f309', '7b2d9229-9c91-41ec-ac19-32804cf3b5e9', 99999.180000000000000000);
INSERT INTO transactions (id, account, asset, amount) VALUES ('1a43464b-d728-43fe-bb8e-8c4ad54d1c51', '971d3ccb-6f74-4209-aff9-195a7a68f309', '7b2d9229-9c91-41ec-ac19-32804cf3b5e9', 88999.180000000000000000);
INSERT INTO transactions (id, account, asset, amount) VALUES ('7cc425b1-77f4-442b-a653-b71b80a9f175', '971d3ccb-6f74-4209-aff9-195a7a68f309', '7b2d9229-9c91-41ec-ac19-32804cf3b5e9', 88888.180000000000000000);
INSERT INTO transactions (id, account, asset, amount) VALUES ('6dd3d9f9-6a89-4d6d-9cef-295e25f6afee', '971d3ccb-6f74-4209-aff9-195a7a68f309', '7b2d9229-9c91-41ec-ac19-32804cf3b5e9', 75757.570000000000000000);
INSERT INTO transactions (id, account, asset, amount) VALUES ('09fb1c63-81c2-4d37-929a-e115ae6a2e3e', '971d3ccb-6f74-4209-aff9-195a7a68f309', '7b2d9229-9c91-41ec-ac19-32804cf3b5e9', 120120.120000000000000000);
INSERT INTO transactions (id, account, asset, amount) VALUES ('15b4c372-8797-4edb-b71b-5e1fb391a251', '971d3ccb-6f74-4209-aff9-195a7a68f309', '7b2d9229-9c91-41ec-ac19-32804cf3b5e9', 91120.120000000000000000);
INSERT INTO transactions (id, account, asset, amount) VALUES ('fa356eaa-931d-45f7-aada-bd9881a72315', '971d3ccb-6f74-4209-aff9-195a7a68f309', '7b2d9229-9c91-41ec-ac19-32804cf3b5e9', 55120.120000000000000000);
INSERT INTO transactions (id, account, asset, amount) VALUES ('491baa98-0695-4c2f-b50f-a7806ad62f50', '971d3ccb-6f74-4209-aff9-195a7a68f309', '7b2d9229-9c91-41ec-ac19-32804cf3b5e9', 66120.120000000000000000);
INSERT INTO transactions (id, account, asset, amount) VALUES ('e52fd114-0349-461c-a2b2-f29a75414dad', '971d3ccb-6f74-4209-aff9-195a7a68f309', '7b2d9229-9c91-41ec-ac19-32804cf3b5e9', 180120.120000000000000000);
INSERT INTO transactions (id, account, asset, amount) VALUES ('130b29c8-199c-4383-a3d1-2296cf391a17', '971d3ccb-6f74-4209-aff9-195a7a68f309', '7b2d9229-9c91-41ec-ac19-32804cf3b5e9', 54120.550000000000000000);
INSERT INTO transactions (id, account, asset, amount) VALUES ('8bf20ef3-29a5-4ec9-a5f3-24724b465449', '971d3ccb-6f74-4209-aff9-195a7a68f309', '7b2d9229-9c91-41ec-ac19-32804cf3b5e9', -30000.000000000000000000);
INSERT INTO transactions (id, account, asset, amount) VALUES ('8bf20ef3-29a5-4ec9-a5f3-24724b465449', '6ac6eea5-52ef-418c-ba9e-fb41790a8924', '7b2d9229-9c91-41ec-ac19-32804cf3b5e9', 30000.000000000000000000);
INSERT INTO transactions (id, account, asset, amount) VALUES ('1fa51a6a-2f5f-4fa6-902b-ed1ca5adc3a5', '971d3ccb-6f74-4209-aff9-195a7a68f309', '7b2d9229-9c91-41ec-ac19-32804cf3b5e9', -30000.000000000000000000);
INSERT INTO transactions (id, account, asset, amount) VALUES ('1fa51a6a-2f5f-4fa6-902b-ed1ca5adc3a5', '6ac6eea5-52ef-418c-ba9e-fb41790a8924', '7b2d9229-9c91-41ec-ac19-32804cf3b5e9', 30000.000000000000000000);
INSERT INTO transactions (id, account, asset, amount) VALUES ('aba99edf-6c29-4519-8e0e-de5bc82e0445', '971d3ccb-6f74-4209-aff9-195a7a68f309', '7b2d9229-9c91-41ec-ac19-32804cf3b5e9', -30000.000000000000000000);
INSERT INTO transactions (id, account, asset, amount) VALUES ('aba99edf-6c29-4519-8e0e-de5bc82e0445', '6ac6eea5-52ef-418c-ba9e-fb41790a8924', '7b2d9229-9c91-41ec-ac19-32804cf3b5e9', 30000.000000000000000000);
INSERT INTO transactions (id, account, asset, amount) VALUES ('dfc9f164-9123-4a9b-8cad-15f044249150', '971d3ccb-6f74-4209-aff9-195a7a68f309', '7b2d9229-9c91-41ec-ac19-32804cf3b5e9', -30000.000000000000000000);
INSERT INTO transactions (id, account, asset, amount) VALUES ('dfc9f164-9123-4a9b-8cad-15f044249150', '6ac6eea5-52ef-418c-ba9e-fb41790a8924', '7b2d9229-9c91-41ec-ac19-32804cf3b5e9', 30000.000000000000000000);
INSERT INTO transactions (id, account, asset, amount) VALUES ('e4924733-3a42-4c97-9df6-0af80048a08e', '971d3ccb-6f74-4209-aff9-195a7a68f309', '7b2d9229-9c91-41ec-ac19-32804cf3b5e9', -30000.000000000000000000);
INSERT INTO transactions (id, account, asset, amount) VALUES ('e4924733-3a42-4c97-9df6-0af80048a08e', '6ac6eea5-52ef-418c-ba9e-fb41790a8924', '7b2d9229-9c91-41ec-ac19-32804cf3b5e9', 30000.000000000000000000);
INSERT INTO transactions (id, account, asset, amount) VALUES ('f9972ba6-e40d-4018-b5ba-1d93a2ffa33d', '971d3ccb-6f74-4209-aff9-195a7a68f309', '7b2d9229-9c91-41ec-ac19-32804cf3b5e9', -30000.000000000000000000);
INSERT INTO transactions (id, account, asset, amount) VALUES ('f9972ba6-e40d-4018-b5ba-1d93a2ffa33d', '6ac6eea5-52ef-418c-ba9e-fb41790a8924', '7b2d9229-9c91-41ec-ac19-32804cf3b5e9', 30000.000000000000000000);
INSERT INTO transactions (id, account, asset, amount) VALUES ('429ed28e-34cb-41c4-9653-fccaae388024', '971d3ccb-6f74-4209-aff9-195a7a68f309', '7b2d9229-9c91-41ec-ac19-32804cf3b5e9', -30000.000000000000000000);
INSERT INTO transactions (id, account, asset, amount) VALUES ('429ed28e-34cb-41c4-9653-fccaae388024', '6ac6eea5-52ef-418c-ba9e-fb41790a8924', '7b2d9229-9c91-41ec-ac19-32804cf3b5e9', 30000.000000000000000000);
INSERT INTO transactions (id, account, asset, amount) VALUES ('7c96caa1-d134-4008-a3e8-06adfaf7dae9', '971d3ccb-6f74-4209-aff9-195a7a68f309', '7b2d9229-9c91-41ec-ac19-32804cf3b5e9', -30000.000000000000000000);
INSERT INTO transactions (id, account, asset, amount) VALUES ('7c96caa1-d134-4008-a3e8-06adfaf7dae9', '6ac6eea5-52ef-418c-ba9e-fb41790a8924', '7b2d9229-9c91-41ec-ac19-32804cf3b5e9', 30000.000000000000000000);
INSERT INTO transactions (id, account, asset, amount) VALUES ('39d3d453-5343-4494-b277-06bd4a90fc9f', '971d3ccb-6f74-4209-aff9-195a7a68f309', '7b2d9229-9c91-41ec-ac19-32804cf3b5e9', -30000.000000000000000000);
INSERT INTO transactions (id, account, asset, amount) VALUES ('39d3d453-5343-4494-b277-06bd4a90fc9f', '6ac6eea5-52ef-418c-ba9e-fb41790a8924', '7b2d9229-9c91-41ec-ac19-32804cf3b5e9', 30000.000000000000000000);
INSERT INTO transactions (id, account, asset, amount) VALUES ('98b1e0ca-5b24-410a-9ef3-f687cf2c31a3', '971d3ccb-6f74-4209-aff9-195a7a68f309', '7b2d9229-9c91-41ec-ac19-32804cf3b5e9', -30000.000000000000000000);
INSERT INTO transactions (id, account, asset, amount) VALUES ('98b1e0ca-5b24-410a-9ef3-f687cf2c31a3', '6ac6eea5-52ef-418c-ba9e-fb41790a8924', '7b2d9229-9c91-41ec-ac19-32804cf3b5e9', 30000.000000000000000000);
INSERT INTO transactions (id, account, asset, amount) VALUES ('74867d2a-0d79-42f1-a462-a498c5f4b0a7', '971d3ccb-6f74-4209-aff9-195a7a68f309', '7b2d9229-9c91-41ec-ac19-32804cf3b5e9', -30000.000000000000000000);
INSERT INTO transactions (id, account, asset, amount) VALUES ('74867d2a-0d79-42f1-a462-a498c5f4b0a7', '6ac6eea5-52ef-418c-ba9e-fb41790a8924', '7b2d9229-9c91-41ec-ac19-32804cf3b5e9', 30000.000000000000000000);
INSERT INTO transactions (id, account, asset, amount) VALUES ('a7382e17-d2b6-42ef-8dff-6590c0555f0f', '971d3ccb-6f74-4209-aff9-195a7a68f309', '7b2d9229-9c91-41ec-ac19-32804cf3b5e9', -30000.000000000000000000);
INSERT INTO transactions (id, account, asset, amount) VALUES ('a7382e17-d2b6-42ef-8dff-6590c0555f0f', '6ac6eea5-52ef-418c-ba9e-fb41790a8924', '7b2d9229-9c91-41ec-ac19-32804cf3b5e9', 30000.000000000000000000);
INSERT INTO transactions (id, account, asset, amount) VALUES ('a5f17f7d-7038-4337-b4ce-338fd84d067b', '971d3ccb-6f74-4209-aff9-195a7a68f309', '7b2d9229-9c91-41ec-ac19-32804cf3b5e9', -30000.000000000000000000);
INSERT INTO transactions (id, account, asset, amount) VALUES ('a5f17f7d-7038-4337-b4ce-338fd84d067b', '6ac6eea5-52ef-418c-ba9e-fb41790a8924', '7b2d9229-9c91-41ec-ac19-32804cf3b5e9', 30000.000000000000000000);
INSERT INTO transactions (id, account, asset, amount) VALUES ('2d8ecc89-f068-413f-93f1-dfda6b57cfa4', '971d3ccb-6f74-4209-aff9-195a7a68f309', '7b2d9229-9c91-41ec-ac19-32804cf3b5e9', -30000.000000000000000000);
INSERT INTO transactions (id, account, asset, amount) VALUES ('2d8ecc89-f068-413f-93f1-dfda6b57cfa4', '6ac6eea5-52ef-418c-ba9e-fb41790a8924', '7b2d9229-9c91-41ec-ac19-32804cf3b5e9', 30000.000000000000000000);
INSERT INTO transactions (id, account, asset, amount) VALUES ('afd203fb-8ac9-4eb6-8212-3ab5d0f5166b', '971d3ccb-6f74-4209-aff9-195a7a68f309', '7b2d9229-9c91-41ec-ac19-32804cf3b5e9', -30000.000000000000000000);
INSERT INTO transactions (id, account, asset, amount) VALUES ('afd203fb-8ac9-4eb6-8212-3ab5d0f5166b', '6ac6eea5-52ef-418c-ba9e-fb41790a8924', '7b2d9229-9c91-41ec-ac19-32804cf3b5e9', 30000.000000000000000000);
INSERT INTO transactions (id, account, asset, amount) VALUES ('2157eca0-52a6-45b5-8122-5598e2adeb2f', '971d3ccb-6f74-4209-aff9-195a7a68f309', '7b2d9229-9c91-41ec-ac19-32804cf3b5e9', -30000.000000000000000000);
INSERT INTO transactions (id, account, asset, amount) VALUES ('2157eca0-52a6-45b5-8122-5598e2adeb2f', '6ac6eea5-52ef-418c-ba9e-fb41790a8924', '7b2d9229-9c91-41ec-ac19-32804cf3b5e9', 30000.000000000000000000);
INSERT INTO transactions (id, account, asset, amount) VALUES ('cdfeae18-d24a-4c34-b746-4383b4f1d55e', '971d3ccb-6f74-4209-aff9-195a7a68f309', '7b2d9229-9c91-41ec-ac19-32804cf3b5e9', -10000.000000000000000000);
INSERT INTO transactions (id, account, asset, amount) VALUES ('cdfeae18-d24a-4c34-b746-4383b4f1d55e', '7f5199de-5275-4fba-a6e6-f181bf04bf5f', '7b2d9229-9c91-41ec-ac19-32804cf3b5e9', 10000.000000000000000000);
INSERT INTO transactions (id, account, asset, amount) VALUES ('1e25a1e0-84a6-4abf-85a9-fbaa0764ab4e', '971d3ccb-6f74-4209-aff9-195a7a68f309', '7b2d9229-9c91-41ec-ac19-32804cf3b5e9', -10000.000000000000000000);
INSERT INTO transactions (id, account, asset, amount) VALUES ('1e25a1e0-84a6-4abf-85a9-fbaa0764ab4e', '7f5199de-5275-4fba-a6e6-f181bf04bf5f', '7b2d9229-9c91-41ec-ac19-32804cf3b5e9', 10000.000000000000000000);
INSERT INTO transactions (id, account, asset, amount) VALUES ('272ab08c-ef2b-4a68-bb11-42544191934d', '971d3ccb-6f74-4209-aff9-195a7a68f309', '7b2d9229-9c91-41ec-ac19-32804cf3b5e9', -10000.000000000000000000);
INSERT INTO transactions (id, account, asset, amount) VALUES ('272ab08c-ef2b-4a68-bb11-42544191934d', '7f5199de-5275-4fba-a6e6-f181bf04bf5f', '7b2d9229-9c91-41ec-ac19-32804cf3b5e9', 10000.000000000000000000);
INSERT INTO transactions (id, account, asset, amount) VALUES ('6d09bf53-bcc2-4dff-9a02-bc0923a481f6', '971d3ccb-6f74-4209-aff9-195a7a68f309', '7b2d9229-9c91-41ec-ac19-32804cf3b5e9', -10000.000000000000000000);
INSERT INTO transactions (id, account, asset, amount) VALUES ('6d09bf53-bcc2-4dff-9a02-bc0923a481f6', '7f5199de-5275-4fba-a6e6-f181bf04bf5f', '7b2d9229-9c91-41ec-ac19-32804cf3b5e9', 10000.000000000000000000);
INSERT INTO transactions (id, account, asset, amount) VALUES ('1646f1d0-e851-4a80-83ee-8ee91b0cc9c6', '971d3ccb-6f74-4209-aff9-195a7a68f309', '7b2d9229-9c91-41ec-ac19-32804cf3b5e9', -10000.000000000000000000);
INSERT INTO transactions (id, account, asset, amount) VALUES ('1646f1d0-e851-4a80-83ee-8ee91b0cc9c6', '7f5199de-5275-4fba-a6e6-f181bf04bf5f', '7b2d9229-9c91-41ec-ac19-32804cf3b5e9', 10000.000000000000000000);
INSERT INTO transactions (id, account, asset, amount) VALUES ('b694c406-b480-42cc-a5d3-3658ae008fee', '971d3ccb-6f74-4209-aff9-195a7a68f309', '7b2d9229-9c91-41ec-ac19-32804cf3b5e9', -10000.000000000000000000);
INSERT INTO transactions (id, account, asset, amount) VALUES ('b694c406-b480-42cc-a5d3-3658ae008fee', '7f5199de-5275-4fba-a6e6-f181bf04bf5f', '7b2d9229-9c91-41ec-ac19-32804cf3b5e9', 10000.000000000000000000);
INSERT INTO transactions (id, account, asset, amount) VALUES ('bc3340a5-c6b8-4a9c-b5e9-6ce408023a6a', '971d3ccb-6f74-4209-aff9-195a7a68f309', '7b2d9229-9c91-41ec-ac19-32804cf3b5e9', -10000.000000000000000000);
INSERT INTO transactions (id, account, asset, amount) VALUES ('bc3340a5-c6b8-4a9c-b5e9-6ce408023a6a', '7f5199de-5275-4fba-a6e6-f181bf04bf5f', '7b2d9229-9c91-41ec-ac19-32804cf3b5e9', 10000.000000000000000000);
INSERT INTO transactions (id, account, asset, amount) VALUES ('f815d78c-57a9-44b2-870a-50600a062b52', '971d3ccb-6f74-4209-aff9-195a7a68f309', '7b2d9229-9c91-41ec-ac19-32804cf3b5e9', -10000.000000000000000000);
INSERT INTO transactions (id, account, asset, amount) VALUES ('f815d78c-57a9-44b2-870a-50600a062b52', '7f5199de-5275-4fba-a6e6-f181bf04bf5f', '7b2d9229-9c91-41ec-ac19-32804cf3b5e9', 10000.000000000000000000);
INSERT INTO transactions (id, account, asset, amount) VALUES ('edb1988d-9b93-4050-ac11-244e9be85d6f', '971d3ccb-6f74-4209-aff9-195a7a68f309', '7b2d9229-9c91-41ec-ac19-32804cf3b5e9', -10000.000000000000000000);
INSERT INTO transactions (id, account, asset, amount) VALUES ('edb1988d-9b93-4050-ac11-244e9be85d6f', '7f5199de-5275-4fba-a6e6-f181bf04bf5f', '7b2d9229-9c91-41ec-ac19-32804cf3b5e9', 10000.000000000000000000);
INSERT INTO transactions (id, account, asset, amount) VALUES ('dd2dd676-8b23-49ed-bdac-56886fc6b610', '971d3ccb-6f74-4209-aff9-195a7a68f309', '7b2d9229-9c91-41ec-ac19-32804cf3b5e9', -10000.000000000000000000);
INSERT INTO transactions (id, account, asset, amount) VALUES ('dd2dd676-8b23-49ed-bdac-56886fc6b610', '7f5199de-5275-4fba-a6e6-f181bf04bf5f', '7b2d9229-9c91-41ec-ac19-32804cf3b5e9', 10000.000000000000000000);
INSERT INTO transactions (id, account, asset, amount) VALUES ('5dcd7650-4a31-4326-9627-aa171bce201e', '971d3ccb-6f74-4209-aff9-195a7a68f309', '7b2d9229-9c91-41ec-ac19-32804cf3b5e9', -10000.000000000000000000);
INSERT INTO transactions (id, account, asset, amount) VALUES ('5dcd7650-4a31-4326-9627-aa171bce201e', '7f5199de-5275-4fba-a6e6-f181bf04bf5f', '7b2d9229-9c91-41ec-ac19-32804cf3b5e9', 10000.000000000000000000);
INSERT INTO transactions (id, account, asset, amount) VALUES ('ef076ee0-f76e-45f2-aaf3-ac5fe155c46e', '971d3ccb-6f74-4209-aff9-195a7a68f309', '7b2d9229-9c91-41ec-ac19-32804cf3b5e9', -10000.000000000000000000);
INSERT INTO transactions (id, account, asset, amount) VALUES ('ef076ee0-f76e-45f2-aaf3-ac5fe155c46e', '7f5199de-5275-4fba-a6e6-f181bf04bf5f', '7b2d9229-9c91-41ec-ac19-32804cf3b5e9', 10000.000000000000000000);
INSERT INTO transactions (id, account, asset, amount) VALUES ('f9293c77-9642-471a-a14c-d889ba04f356', '971d3ccb-6f74-4209-aff9-195a7a68f309', '7b2d9229-9c91-41ec-ac19-32804cf3b5e9', -10000.000000000000000000);
INSERT INTO transactions (id, account, asset, amount) VALUES ('f9293c77-9642-471a-a14c-d889ba04f356', '7f5199de-5275-4fba-a6e6-f181bf04bf5f', '7b2d9229-9c91-41ec-ac19-32804cf3b5e9', 10000.000000000000000000);
INSERT INTO transactions (id, account, asset, amount) VALUES ('22c64ce7-95f7-4be7-84a7-0d193a759382', '971d3ccb-6f74-4209-aff9-195a7a68f309', '7b2d9229-9c91-41ec-ac19-32804cf3b5e9', -10000.000000000000000000);
INSERT INTO transactions (id, account, asset, amount) VALUES ('22c64ce7-95f7-4be7-84a7-0d193a759382', '7f5199de-5275-4fba-a6e6-f181bf04bf5f', '7b2d9229-9c91-41ec-ac19-32804cf3b5e9', 10000.000000000000000000);
INSERT INTO transactions (id, account, asset, amount) VALUES ('c2e3a7d3-be2e-471c-b8a8-37dd7e8e2a07', '971d3ccb-6f74-4209-aff9-195a7a68f309', '7b2d9229-9c91-41ec-ac19-32804cf3b5e9', -10000.000000000000000000);
INSERT INTO transactions (id, account, asset, amount) VALUES ('c2e3a7d3-be2e-471c-b8a8-37dd7e8e2a07', '7f5199de-5275-4fba-a6e6-f181bf04bf5f', '7b2d9229-9c91-41ec-ac19-32804cf3b5e9', 10000.000000000000000000);
INSERT INTO transactions (id, account, asset, amount) VALUES ('30ff572c-bba0-4126-97c7-5c09f3ebcfb8', '971d3ccb-6f74-4209-aff9-195a7a68f309', '7b2d9229-9c91-41ec-ac19-32804cf3b5e9', -10000.000000000000000000);
INSERT INTO transactions (id, account, asset, amount) VALUES ('30ff572c-bba0-4126-97c7-5c09f3ebcfb8', '7f5199de-5275-4fba-a6e6-f181bf04bf5f', '7b2d9229-9c91-41ec-ac19-32804cf3b5e9', 10000.000000000000000000);
INSERT INTO transactions (id, account, asset, amount) VALUES ('280753f8-58a3-4f92-8953-56a85365a7b8', '971d3ccb-6f74-4209-aff9-195a7a68f309', '7b2d9229-9c91-41ec-ac19-32804cf3b5e9', -10000.000000000000000000);
INSERT INTO transactions (id, account, asset, amount) VALUES ('280753f8-58a3-4f92-8953-56a85365a7b8', '7f5199de-5275-4fba-a6e6-f181bf04bf5f', '7b2d9229-9c91-41ec-ac19-32804cf3b5e9', 10000.000000000000000000);
INSERT INTO transactions (id, account, asset, amount) VALUES ('c84bfb54-7e3b-4fbe-b7f7-052d2938ab51', '971d3ccb-6f74-4209-aff9-195a7a68f309', '7b2d9229-9c91-41ec-ac19-32804cf3b5e9', -13543.440000000000000000);
INSERT INTO transactions (id, account, asset, amount) VALUES ('c84bfb54-7e3b-4fbe-b7f7-052d2938ab51', '8ecc40fa-5fc4-47e9-83d1-0ba43f3a5af5', '704b8153-1a0c-4fa5-a2e5-0b7db0398442', 500.000000000000000000);
INSERT INTO transactions (id, account, asset, amount) VALUES ('aab64fbb-4386-48d3-9b06-b266b503df03', '971d3ccb-6f74-4209-aff9-195a7a68f309', '7b2d9229-9c91-41ec-ac19-32804cf3b5e9', -5543.440000000000000000);
INSERT INTO transactions (id, account, asset, amount) VALUES ('aab64fbb-4386-48d3-9b06-b266b503df03', '8ecc40fa-5fc4-47e9-83d1-0ba43f3a5af5', '704b8153-1a0c-4fa5-a2e5-0b7db0398442', 200.000000000000000000);
INSERT INTO transactions (id, account, asset, amount) VALUES ('1d4a8a86-9dc3-48f2-833c-ed9eccaa44de', '971d3ccb-6f74-4209-aff9-195a7a68f309', '7b2d9229-9c91-41ec-ac19-32804cf3b5e9', -10243.440000000000000000);
INSERT INTO transactions (id, account, asset, amount) VALUES ('1d4a8a86-9dc3-48f2-833c-ed9eccaa44de', '8ecc40fa-5fc4-47e9-83d1-0ba43f3a5af5', '704b8153-1a0c-4fa5-a2e5-0b7db0398442', 350.000000000000000000);
INSERT INTO transactions (id, account, asset, amount) VALUES ('fa83c1b8-31f1-41ac-bd4b-2ffb78b12013', '971d3ccb-6f74-4209-aff9-195a7a68f309', '7b2d9229-9c91-41ec-ac19-32804cf3b5e9', -1243.440000000000000000);
INSERT INTO transactions (id, account, asset, amount) VALUES ('fa83c1b8-31f1-41ac-bd4b-2ffb78b12013', '8ecc40fa-5fc4-47e9-83d1-0ba43f3a5af5', '704b8153-1a0c-4fa5-a2e5-0b7db0398442', 50.000000000000000000);
INSERT INTO transactions (id, account, asset, amount) VALUES ('929da5f3-8da0-47b8-b404-f423bb065dc8', '971d3ccb-6f74-4209-aff9-195a7a68f309', '7b2d9229-9c91-41ec-ac19-32804cf3b5e9', -28653.130000000000000000);
INSERT INTO transactions (id, account, asset, amount) VALUES ('929da5f3-8da0-47b8-b404-f423bb065dc8', '8ecc40fa-5fc4-47e9-83d1-0ba43f3a5af5', '704b8153-1a0c-4fa5-a2e5-0b7db0398442', 1000.000000000000000000);
INSERT INTO transactions (id, account, asset, amount) VALUES ('0bad9ccd-cdea-49df-bf32-2426f384372c', '971d3ccb-6f74-4209-aff9-195a7a68f309', '7b2d9229-9c91-41ec-ac19-32804cf3b5e9', -12653.130000000000000000);
INSERT INTO transactions (id, account, asset, amount) VALUES ('0bad9ccd-cdea-49df-bf32-2426f384372c', '8ecc40fa-5fc4-47e9-83d1-0ba43f3a5af5', '704b8153-1a0c-4fa5-a2e5-0b7db0398442', 450.000000000000000000);
INSERT INTO transactions (id, account, asset, amount) VALUES ('33bcbb49-d543-433a-9580-019f8d4460cc', '971d3ccb-6f74-4209-aff9-195a7a68f309', '7b2d9229-9c91-41ec-ac19-32804cf3b5e9', -5653.130000000000000000);
INSERT INTO transactions (id, account, asset, amount) VALUES ('33bcbb49-d543-433a-9580-019f8d4460cc', '8ecc40fa-5fc4-47e9-83d1-0ba43f3a5af5', '704b8153-1a0c-4fa5-a2e5-0b7db0398442', 150.000000000000000000);
INSERT INTO transactions (id, account, asset, amount) VALUES ('832864a0-71f2-4ca0-a5d5-ec148e265b24', '971d3ccb-6f74-4209-aff9-195a7a68f309', '7b2d9229-9c91-41ec-ac19-32804cf3b5e9', -6653.130000000000000000);
INSERT INTO transactions (id, account, asset, amount) VALUES ('832864a0-71f2-4ca0-a5d5-ec148e265b24', '8ecc40fa-5fc4-47e9-83d1-0ba43f3a5af5', '704b8153-1a0c-4fa5-a2e5-0b7db0398442', 150.000000000000000000);
INSERT INTO transactions (id, account, asset, amount) VALUES ('85a7913f-c2d2-4159-90c5-a99e9c11b877', '971d3ccb-6f74-4209-aff9-195a7a68f309', '7b2d9229-9c91-41ec-ac19-32804cf3b5e9', -6753.130000000000000000);
INSERT INTO transactions (id, account, asset, amount) VALUES ('85a7913f-c2d2-4159-90c5-a99e9c11b877', '8ecc40fa-5fc4-47e9-83d1-0ba43f3a5af5', '704b8153-1a0c-4fa5-a2e5-0b7db0398442', 150.000000000000000000);
INSERT INTO transactions (id, account, asset, amount) VALUES ('d9af0216-35b1-4b16-9c25-15ce7ab66be2', '971d3ccb-6f74-4209-aff9-195a7a68f309', '7b2d9229-9c91-41ec-ac19-32804cf3b5e9', -22753.130000000000000000);
INSERT INTO transactions (id, account, asset, amount) VALUES ('d9af0216-35b1-4b16-9c25-15ce7ab66be2', '8ecc40fa-5fc4-47e9-83d1-0ba43f3a5af5', '704b8153-1a0c-4fa5-a2e5-0b7db0398442', 600.000000000000000000);
INSERT INTO transactions (id, account, asset, amount) VALUES ('c0cee40f-55d2-4925-b359-5acda61a75ae', '971d3ccb-6f74-4209-aff9-195a7a68f309', '7b2d9229-9c91-41ec-ac19-32804cf3b5e9', -36753.130000000000000000);
INSERT INTO transactions (id, account, asset, amount) VALUES ('c0cee40f-55d2-4925-b359-5acda61a75ae', '8ecc40fa-5fc4-47e9-83d1-0ba43f3a5af5', '704b8153-1a0c-4fa5-a2e5-0b7db0398442', 999.000000000000000000);
INSERT INTO transactions (id, account, asset, amount) VALUES ('ec48a7da-683e-46e0-a4ba-18c4d36580e6', '971d3ccb-6f74-4209-aff9-195a7a68f309', '7b2d9229-9c91-41ec-ac19-32804cf3b5e9', -12753.130000000000000000);
INSERT INTO transactions (id, account, asset, amount) VALUES ('ec48a7da-683e-46e0-a4ba-18c4d36580e6', '8ecc40fa-5fc4-47e9-83d1-0ba43f3a5af5', '704b8153-1a0c-4fa5-a2e5-0b7db0398442', 300.000000000000000000);
INSERT INTO transactions (id, account, asset, amount) VALUES ('dfc411f3-5aef-4566-81f5-1f7eef504629', '971d3ccb-6f74-4209-aff9-195a7a68f309', '7b2d9229-9c91-41ec-ac19-32804cf3b5e9', -42753.130000000000000000);
INSERT INTO transactions (id, account, asset, amount) VALUES ('dfc411f3-5aef-4566-81f5-1f7eef504629', '8ecc40fa-5fc4-47e9-83d1-0ba43f3a5af5', '704b8153-1a0c-4fa5-a2e5-0b7db0398442', 1100.000000000000000000);
INSERT INTO transactions (id, account, asset, amount) VALUES ('4cf6c6db-99de-4c8d-acc1-9e4ce1a6c7c1', '971d3ccb-6f74-4209-aff9-195a7a68f309', '7b2d9229-9c91-41ec-ac19-32804cf3b5e9', -12753.130000000000000000);
INSERT INTO transactions (id, account, asset, amount) VALUES ('4cf6c6db-99de-4c8d-acc1-9e4ce1a6c7c1', '8ecc40fa-5fc4-47e9-83d1-0ba43f3a5af5', '704b8153-1a0c-4fa5-a2e5-0b7db0398442', 280.000000000000000000);
INSERT INTO transactions (id, account, asset, amount) VALUES ('0e81d7ac-ed47-4716-a4bb-ee297ca9baf3', '971d3ccb-6f74-4209-aff9-195a7a68f309', '7b2d9229-9c91-41ec-ac19-32804cf3b5e9', -13444.210000000000000000);
INSERT INTO transactions (id, account, asset, amount) VALUES ('0e81d7ac-ed47-4716-a4bb-ee297ca9baf3', '21d16351-22cf-45be-a09d-6529b5c3702a', '1833248b-324c-4892-b3b4-e98dd39d2d81', 280.000000000000000000);
INSERT INTO transactions (id, account, asset, amount) VALUES ('8a7d12cf-0639-4e22-bd31-5a1daf0cb298', '971d3ccb-6f74-4209-aff9-195a7a68f309', '7b2d9229-9c91-41ec-ac19-32804cf3b5e9', -40444.210000000000000000);
INSERT INTO transactions (id, account, asset, amount) VALUES ('8a7d12cf-0639-4e22-bd31-5a1daf0cb298', '21d16351-22cf-45be-a09d-6529b5c3702a', '1833248b-324c-4892-b3b4-e98dd39d2d81', 1000.000000000000000000);
INSERT INTO transactions (id, account, asset, amount) VALUES ('ee601d03-f4ff-47e5-bc35-89e64513deec', '971d3ccb-6f74-4209-aff9-195a7a68f309', '7b2d9229-9c91-41ec-ac19-32804cf3b5e9', -20444.210000000000000000);
INSERT INTO transactions (id, account, asset, amount) VALUES ('ee601d03-f4ff-47e5-bc35-89e64513deec', '21d16351-22cf-45be-a09d-6529b5c3702a', '1833248b-324c-4892-b3b4-e98dd39d2d81', 500.000000000000000000);
INSERT INTO transactions (id, account, asset, amount) VALUES ('d27596a8-8752-4d99-add1-72d44a2d76a5', '971d3ccb-6f74-4209-aff9-195a7a68f309', '7b2d9229-9c91-41ec-ac19-32804cf3b5e9', -10461.210000000000000000);
INSERT INTO transactions (id, account, asset, amount) VALUES ('d27596a8-8752-4d99-add1-72d44a2d76a5', '21d16351-22cf-45be-a09d-6529b5c3702a', '1833248b-324c-4892-b3b4-e98dd39d2d81', 250.000000000000000000);
INSERT INTO transactions (id, account, asset, amount) VALUES ('d304d13e-c5e2-4cb4-b8b5-f2f3cd901d47', '971d3ccb-6f74-4209-aff9-195a7a68f309', '7b2d9229-9c91-41ec-ac19-32804cf3b5e9', -14453.100000000000000000);
INSERT INTO transactions (id, account, asset, amount) VALUES ('d304d13e-c5e2-4cb4-b8b5-f2f3cd901d47', '21d16351-22cf-45be-a09d-6529b5c3702a', '1833248b-324c-4892-b3b4-e98dd39d2d81', 300.000000000000000000);
INSERT INTO transactions (id, account, asset, amount) VALUES ('c522d927-38ca-475c-abda-7a705b28dab6', '8ecc40fa-5fc4-47e9-83d1-0ba43f3a5af5', '704b8153-1a0c-4fa5-a2e5-0b7db0398442', -1000.000000000000000000);
INSERT INTO transactions (id, account, asset, amount) VALUES ('c522d927-38ca-475c-abda-7a705b28dab6', '7f5199de-5275-4fba-a6e6-f181bf04bf5f', '704b8153-1a0c-4fa5-a2e5-0b7db0398442', 1000.000000000000000000);
INSERT INTO transactions (id, account, asset, amount) VALUES ('94e3d7ab-b459-481a-a012-6734abb8780c', '8ecc40fa-5fc4-47e9-83d1-0ba43f3a5af5', '704b8153-1a0c-4fa5-a2e5-0b7db0398442', -10.000000000000000000);
INSERT INTO transactions (id, account, asset, amount) VALUES ('0eb21146-9a3b-4cce-9c29-f6d4bca955ac', '21d16351-22cf-45be-a09d-6529b5c3702a', '1833248b-324c-4892-b3b4-e98dd39d2d81', -500.000000000000000000);
INSERT INTO transactions (id, account, asset, amount) VALUES ('0eb21146-9a3b-4cce-9c29-f6d4bca955ac', '7f5199de-5275-4fba-a6e6-f181bf04bf5f', '1833248b-324c-4892-b3b4-e98dd39d2d81', 500.000000000000000000);
INSERT INTO transactions (id, account, asset, amount) VALUES ('d620041d-520e-4ce2-87c5-f2add7240e97', '21d16351-22cf-45be-a09d-6529b5c3702a', '1833248b-324c-4892-b3b4-e98dd39d2d81', -5.000000000000000000);
INSERT INTO transactions (id, account, asset, amount) VALUES ('9edf2766-06f6-408b-abe7-900a8765f417', '8ecc40fa-5fc4-47e9-83d1-0ba43f3a5af5', '704b8153-1a0c-4fa5-a2e5-0b7db0398442', -5.000000000000000000);
INSERT INTO transactions (id, account, asset, amount) VALUES ('9c2e5abc-8eae-4802-83f4-4c01280ec333', '8ecc40fa-5fc4-47e9-83d1-0ba43f3a5af5', '704b8153-1a0c-4fa5-a2e5-0b7db0398442', -990.000000000000000000);
INSERT INTO transactions (id, account, asset, amount) VALUES ('9c2e5abc-8eae-4802-83f4-4c01280ec333', 'da179088-d200-45ee-aa71-737520e7cae4', '1f1e9e43-b1d1-471b-a3be-c6754b15caf2', 990.000000000000000000);
INSERT INTO transactions (id, account, asset, amount) VALUES ('06632bdf-e697-4dc7-b593-d91999a05610', '8ecc40fa-5fc4-47e9-83d1-0ba43f3a5af5', '704b8153-1a0c-4fa5-a2e5-0b7db0398442', -10.000000000000000000);
INSERT INTO transactions (id, account, asset, amount) VALUES ('e02803e6-00c5-47c9-825f-a083068e866b', 'a18a7455-b390-474e-bf09-108fc758eabc', '1f1e9e43-b1d1-471b-a3be-c6754b15caf2', -100.000000000000000000);
INSERT INTO transactions (id, account, asset, amount) VALUES ('e02803e6-00c5-47c9-825f-a083068e866b', 'a18a7455-b390-474e-bf09-108fc758eabc', '3861eca1-4763-4270-a1d5-a7c101381b14', 0.000012300000000000);
INSERT INTO transactions (id, account, asset, amount) VALUES ('367a41e8-f4c7-46fc-b5ac-474b1de5f2da', 'a18a7455-b390-474e-bf09-108fc758eabc', '1f1e9e43-b1d1-471b-a3be-c6754b15caf2', -50.000000000000000000);
INSERT INTO transactions (id, account, asset, amount) VALUES ('367a41e8-f4c7-46fc-b5ac-474b1de5f2da', 'a18a7455-b390-474e-bf09-108fc758eabc', 'c579d9cf-fe1b-4593-99c5-2f0d5b467ef3', 0.013341000000000000);
INSERT INTO transactions (id, account, asset, amount) VALUES ('6e51ab54-f57a-4c49-b219-6247c34a6ed7', 'a18a7455-b390-474e-bf09-108fc758eabc', '1f1e9e43-b1d1-471b-a3be-c6754b15caf2', -50.000000000000000000);
INSERT INTO transactions (id, account, asset, amount) VALUES ('6e51ab54-f57a-4c49-b219-6247c34a6ed7', 'a18a7455-b390-474e-bf09-108fc758eabc', '6423e4db-1468-4264-92f9-c167eb92c955', 65.000000000000000000);
INSERT INTO transactions (id, account, asset, amount) VALUES ('182a3d2f-1cf0-4c73-ada2-4a16038da161', 'da179088-d200-45ee-aa71-737520e7cae4', '1f1e9e43-b1d1-471b-a3be-c6754b15caf2', -500.000000000000000000);
INSERT INTO transactions (id, account, asset, amount) VALUES ('182a3d2f-1cf0-4c73-ada2-4a16038da161', 'da179088-d200-45ee-aa71-737520e7cae4', '3861eca1-4763-4270-a1d5-a7c101381b14', 0.001876530000000000);
INSERT INTO transactions (id, account, asset, amount) VALUES ('fff951ba-b21d-4a85-81ea-5446d3c58e71', '6ac6eea5-52ef-418c-ba9e-fb41790a8924', '7b2d9229-9c91-41ec-ac19-32804cf3b5e9', -299.990000000000000000);
INSERT INTO transactions (id, account, asset, amount) VALUES ('fd8a9a5d-b2b8-40cf-b071-3a86f79070ee', '6ac6eea5-52ef-418c-ba9e-fb41790a8924', '7b2d9229-9c91-41ec-ac19-32804cf3b5e9', -299.990000000000000000);
INSERT INTO transactions (id, account, asset, amount) VALUES ('5ca99f70-c5fe-4d34-aae8-dfcbd63b89f9', '6ac6eea5-52ef-418c-ba9e-fb41790a8924', '7b2d9229-9c91-41ec-ac19-32804cf3b5e9', -299.990000000000000000);
INSERT INTO transactions (id, account, asset, amount) VALUES ('c3b9084f-2766-40a8-b85a-f92ce66db52a', '6ac6eea5-52ef-418c-ba9e-fb41790a8924', '7b2d9229-9c91-41ec-ac19-32804cf3b5e9', -299.990000000000000000);
INSERT INTO transactions (id, account, asset, amount) VALUES ('77ac8044-18ae-42ea-ba8b-3bcb48fc07f4', '6ac6eea5-52ef-418c-ba9e-fb41790a8924', '7b2d9229-9c91-41ec-ac19-32804cf3b5e9', -299.990000000000000000);
INSERT INTO transactions (id, account, asset, amount) VALUES ('309a1d4e-babf-4bf8-a51e-2b361e0d8a3d', '6ac6eea5-52ef-418c-ba9e-fb41790a8924', '7b2d9229-9c91-41ec-ac19-32804cf3b5e9', -299.990000000000000000);
INSERT INTO transactions (id, account, asset, amount) VALUES ('f234ef27-a613-40c5-82f3-ea0df3696430', '6ac6eea5-52ef-418c-ba9e-fb41790a8924', '7b2d9229-9c91-41ec-ac19-32804cf3b5e9', -299.990000000000000000);
INSERT INTO transactions (id, account, asset, amount) VALUES ('57b2fa84-760b-4729-9ccc-f0ec87199552', '6ac6eea5-52ef-418c-ba9e-fb41790a8924', '7b2d9229-9c91-41ec-ac19-32804cf3b5e9', -299.990000000000000000);
INSERT INTO transactions (id, account, asset, amount) VALUES ('c2012495-b053-4518-9548-cf83d99988d3', '6ac6eea5-52ef-418c-ba9e-fb41790a8924', '7b2d9229-9c91-41ec-ac19-32804cf3b5e9', -299.990000000000000000);
INSERT INTO transactions (id, account, asset, amount) VALUES ('844bd2d8-bb4a-4f16-bcad-5c0336691b26', '6ac6eea5-52ef-418c-ba9e-fb41790a8924', '7b2d9229-9c91-41ec-ac19-32804cf3b5e9', -299.990000000000000000);
INSERT INTO transactions (id, account, asset, amount) VALUES ('1e0b430c-4804-49ea-ace6-f4be1651e4d3', '6ac6eea5-52ef-418c-ba9e-fb41790a8924', '7b2d9229-9c91-41ec-ac19-32804cf3b5e9', -299.990000000000000000);
INSERT INTO transactions (id, account, asset, amount) VALUES ('a72edf7d-f526-4391-8218-b80d4535de8b', '6ac6eea5-52ef-418c-ba9e-fb41790a8924', '7b2d9229-9c91-41ec-ac19-32804cf3b5e9', -299.990000000000000000);
INSERT INTO transactions (id, account, asset, amount) VALUES ('2af3138b-7a8e-4775-b81d-d672931bb27c', '6ac6eea5-52ef-418c-ba9e-fb41790a8924', '7b2d9229-9c91-41ec-ac19-32804cf3b5e9', -299.990000000000000000);
INSERT INTO transactions (id, account, asset, amount) VALUES ('eca16466-520d-41de-b7cb-63012e9e4ee7', '6ac6eea5-52ef-418c-ba9e-fb41790a8924', '7b2d9229-9c91-41ec-ac19-32804cf3b5e9', -299.990000000000000000);
INSERT INTO transactions (id, account, asset, amount) VALUES ('9f32d218-3264-46a8-b1d4-45fc0b2a8dee', '6ac6eea5-52ef-418c-ba9e-fb41790a8924', '7b2d9229-9c91-41ec-ac19-32804cf3b5e9', -299.990000000000000000);
INSERT INTO transactions (id, account, asset, amount) VALUES ('e1c8c4c7-669e-4f36-af27-35bcf0cf06b2', '6ac6eea5-52ef-418c-ba9e-fb41790a8924', '7b2d9229-9c91-41ec-ac19-32804cf3b5e9', -299.990000000000000000);
INSERT INTO transactions (id, account, asset, amount) VALUES ('c7710a3a-dff5-43a6-89b8-d9d7e30f5b9d', '6ac6eea5-52ef-418c-ba9e-fb41790a8924', '7b2d9229-9c91-41ec-ac19-32804cf3b5e9', -155.540000000000000000);
INSERT INTO transactions (id, account, asset, amount) VALUES ('84eda79e-130f-4345-bb2a-7c7fe16d99fb', '6ac6eea5-52ef-418c-ba9e-fb41790a8924', '7b2d9229-9c91-41ec-ac19-32804cf3b5e9', -155.540000000000000000);
INSERT INTO transactions (id, account, asset, amount) VALUES ('4b818382-3590-4045-aadf-ee28e4717ecf', '6ac6eea5-52ef-418c-ba9e-fb41790a8924', '7b2d9229-9c91-41ec-ac19-32804cf3b5e9', -155.540000000000000000);
INSERT INTO transactions (id, account, asset, amount) VALUES ('d84f2c28-2e46-42ad-991d-7f6ebe1eb4e4', '6ac6eea5-52ef-418c-ba9e-fb41790a8924', '7b2d9229-9c91-41ec-ac19-32804cf3b5e9', -155.540000000000000000);
INSERT INTO transactions (id, account, asset, amount) VALUES ('d4e73dfe-9b95-4690-8af1-3535da486022', '6ac6eea5-52ef-418c-ba9e-fb41790a8924', '7b2d9229-9c91-41ec-ac19-32804cf3b5e9', -155.540000000000000000);
INSERT INTO transactions (id, account, asset, amount) VALUES ('13782e6a-48ae-4981-b138-9b1103418a22', '6ac6eea5-52ef-418c-ba9e-fb41790a8924', '7b2d9229-9c91-41ec-ac19-32804cf3b5e9', -155.540000000000000000);
INSERT INTO transactions (id, account, asset, amount) VALUES ('3fe97ec5-85a6-4b46-8e46-d7e75f4f4403', '6ac6eea5-52ef-418c-ba9e-fb41790a8924', '7b2d9229-9c91-41ec-ac19-32804cf3b5e9', -155.540000000000000000);
INSERT INTO transactions (id, account, asset, amount) VALUES ('5b489bab-501e-45ca-9fc4-e8d3fc3a917e', '6ac6eea5-52ef-418c-ba9e-fb41790a8924', '7b2d9229-9c91-41ec-ac19-32804cf3b5e9', -155.540000000000000000);
INSERT INTO transactions (id, account, asset, amount) VALUES ('508dec71-7cc4-4058-b7a0-264bedad7137', '6ac6eea5-52ef-418c-ba9e-fb41790a8924', '7b2d9229-9c91-41ec-ac19-32804cf3b5e9', -155.540000000000000000);
INSERT INTO transactions (id, account, asset, amount) VALUES ('fd24d6f4-fd53-4206-8579-778651e79656', '6ac6eea5-52ef-418c-ba9e-fb41790a8924', '7b2d9229-9c91-41ec-ac19-32804cf3b5e9', -155.540000000000000000);
INSERT INTO transactions (id, account, asset, amount) VALUES ('fd09bb9b-8572-476e-8c49-d817640ca756', '6ac6eea5-52ef-418c-ba9e-fb41790a8924', '7b2d9229-9c91-41ec-ac19-32804cf3b5e9', -155.540000000000000000);
INSERT INTO transactions (id, account, asset, amount) VALUES ('85fd2d96-bac3-4fa4-b417-13dc1517161c', '6ac6eea5-52ef-418c-ba9e-fb41790a8924', '7b2d9229-9c91-41ec-ac19-32804cf3b5e9', -155.540000000000000000);
INSERT INTO transactions (id, account, asset, amount) VALUES ('3f7beb67-8467-4463-8fdd-dd1cc197e54b', '6ac6eea5-52ef-418c-ba9e-fb41790a8924', '7b2d9229-9c91-41ec-ac19-32804cf3b5e9', -155.540000000000000000);
INSERT INTO transactions (id, account, asset, amount) VALUES ('b21f5ba5-23e2-4189-aa84-a0ee641ceed6', '6ac6eea5-52ef-418c-ba9e-fb41790a8924', '7b2d9229-9c91-41ec-ac19-32804cf3b5e9', -155.540000000000000000);
INSERT INTO transactions (id, account, asset, amount) VALUES ('090291fc-674f-4fc5-bcfc-bdd7cf9c7fd6', '6ac6eea5-52ef-418c-ba9e-fb41790a8924', '7b2d9229-9c91-41ec-ac19-32804cf3b5e9', -155.540000000000000000);
INSERT INTO transactions (id, account, asset, amount) VALUES ('1f042076-5315-468e-b9ee-00b8d3de5d9c', '6ac6eea5-52ef-418c-ba9e-fb41790a8924', '7b2d9229-9c91-41ec-ac19-32804cf3b5e9', -155.540000000000000000);
INSERT INTO transactions (id, account, asset, amount) VALUES ('607d38ff-22b0-4956-aaa2-8be7ccc7880a', '6ac6eea5-52ef-418c-ba9e-fb41790a8924', '7b2d9229-9c91-41ec-ac19-32804cf3b5e9', -3442.550000000000000000);
INSERT INTO transactions (id, account, asset, amount) VALUES ('dc8ae324-f3dc-43ff-9ba7-8c9bb5ef4d1e', '6ac6eea5-52ef-418c-ba9e-fb41790a8924', '7b2d9229-9c91-41ec-ac19-32804cf3b5e9', -3142.550000000000000000);
INSERT INTO transactions (id, account, asset, amount) VALUES ('ef8e4a20-08fc-4a8d-9ff9-628cf33981cf', '6ac6eea5-52ef-418c-ba9e-fb41790a8924', '7b2d9229-9c91-41ec-ac19-32804cf3b5e9', -2942.550000000000000000);
INSERT INTO transactions (id, account, asset, amount) VALUES ('77556712-7613-401d-b5d8-1ddb2e9af41c', '6ac6eea5-52ef-418c-ba9e-fb41790a8924', '7b2d9229-9c91-41ec-ac19-32804cf3b5e9', -1842.550000000000000000);
INSERT INTO transactions (id, account, asset, amount) VALUES ('40ad8b8e-9a4c-4916-b2cb-772edfea6a61', '6ac6eea5-52ef-418c-ba9e-fb41790a8924', '7b2d9229-9c91-41ec-ac19-32804cf3b5e9', -1732.550000000000000000);
INSERT INTO transactions (id, account, asset, amount) VALUES ('da35905d-ce2f-4c9d-8b2b-a61ecef1c3eb', '6ac6eea5-52ef-418c-ba9e-fb41790a8924', '7b2d9229-9c91-41ec-ac19-32804cf3b5e9', -1632.550000000000000000);
INSERT INTO transactions (id, account, asset, amount) VALUES ('b95dac80-af68-494e-aef6-b9d777180ecf', '6ac6eea5-52ef-418c-ba9e-fb41790a8924', '7b2d9229-9c91-41ec-ac19-32804cf3b5e9', -1632.550000000000000000);
INSERT INTO transactions (id, account, asset, amount) VALUES ('70df3871-e5e9-4128-9810-57f41036a6f7', '6ac6eea5-52ef-418c-ba9e-fb41790a8924', '7b2d9229-9c91-41ec-ac19-32804cf3b5e9', -1832.550000000000000000);
INSERT INTO transactions (id, account, asset, amount) VALUES ('ebd6e1ae-ce06-40c8-af84-05b2deb8b27d', '6ac6eea5-52ef-418c-ba9e-fb41790a8924', '7b2d9229-9c91-41ec-ac19-32804cf3b5e9', -1932.550000000000000000);
INSERT INTO transactions (id, account, asset, amount) VALUES ('4a501278-3fc0-45d9-ae40-5f499f458f3b', '6ac6eea5-52ef-418c-ba9e-fb41790a8924', '7b2d9229-9c91-41ec-ac19-32804cf3b5e9', -2232.550000000000000000);
INSERT INTO transactions (id, account, asset, amount) VALUES ('33b891d6-876d-48ca-8443-e1948d2c05a2', '6ac6eea5-52ef-418c-ba9e-fb41790a8924', '7b2d9229-9c91-41ec-ac19-32804cf3b5e9', -2332.550000000000000000);
INSERT INTO transactions (id, account, asset, amount) VALUES ('959f9fe0-5731-4dc2-b59a-29f4dfcd54ca', '6ac6eea5-52ef-418c-ba9e-fb41790a8924', '7b2d9229-9c91-41ec-ac19-32804cf3b5e9', -2332.550000000000000000);
INSERT INTO transactions (id, account, asset, amount) VALUES ('b1941239-fdde-40d0-b912-d07537a46bcb', '6ac6eea5-52ef-418c-ba9e-fb41790a8924', '7b2d9229-9c91-41ec-ac19-32804cf3b5e9', -2532.550000000000000000);
INSERT INTO transactions (id, account, asset, amount) VALUES ('b82934dc-f6a7-4167-9789-402d7076e44a', '6ac6eea5-52ef-418c-ba9e-fb41790a8924', '7b2d9229-9c91-41ec-ac19-32804cf3b5e9', -3532.550000000000000000);
INSERT INTO transactions (id, account, asset, amount) VALUES ('a162731c-107f-4108-9627-31eaa1029256', '6ac6eea5-52ef-418c-ba9e-fb41790a8924', '7b2d9229-9c91-41ec-ac19-32804cf3b5e9', -3132.550000000000000000);
INSERT INTO transactions (id, account, asset, amount) VALUES ('68420ce6-136b-4941-8081-ad0ec253bd74', '6ac6eea5-52ef-418c-ba9e-fb41790a8924', '7b2d9229-9c91-41ec-ac19-32804cf3b5e9', -2132.550000000000000000);
INSERT INTO transactions (id, account, asset, amount) VALUES ('5ddf6acc-4eb7-4ec2-9f4f-7a4bcf7a7cfe', '8ecc40fa-5fc4-47e9-83d1-0ba43f3a5af5', '704b8153-1a0c-4fa5-a2e5-0b7db0398442', -500.000000000000000000);
INSERT INTO transactions (id, account, asset, amount) VALUES ('5ddf6acc-4eb7-4ec2-9f4f-7a4bcf7a7cfe', 'a18a7455-b390-474e-bf09-108fc758eabc', '1f1e9e43-b1d1-471b-a3be-c6754b15caf2', 500.000000000000000000);
INSERT INTO transactions (id, account, asset, amount) VALUES ('41cd3cdd-f07f-4d27-88ed-8a25faab1d3d', 'a18a7455-b390-474e-bf09-108fc758eabc', 'c579d9cf-fe1b-4593-99c5-2f0d5b467ef3', -0.010000000000000000);
INSERT INTO transactions (id, account, asset, amount) VALUES ('41cd3cdd-f07f-4d27-88ed-8a25faab1d3d', 'c75748b0-a7f2-414c-8242-561d193fcc63', 'c579d9cf-fe1b-4593-99c5-2f0d5b467ef3', 0.010000000000000000);
INSERT INTO transactions (id, account, asset, amount) VALUES ('77181c61-884b-48c6-930e-0436b9e3e01f', 'a18a7455-b390-474e-bf09-108fc758eabc', '6423e4db-1468-4264-92f9-c167eb92c955', -50.000000000000000000);
INSERT INTO transactions (id, account, asset, amount) VALUES ('77181c61-884b-48c6-930e-0436b9e3e01f', 'c75748b0-a7f2-414c-8242-561d193fcc63', '6423e4db-1468-4264-92f9-c167eb92c955', 50.000000000000000000);
INSERT INTO transactions (id, account, asset, amount) VALUES ('01d5df98-0233-45fa-98d2-07daccf82975', 'da179088-d200-45ee-aa71-737520e7cae4', '3861eca1-4763-4270-a1d5-a7c101381b14', -0.001800000000000000);
INSERT INTO transactions (id, account, asset, amount) VALUES ('01d5df98-0233-45fa-98d2-07daccf82975', 'a6a19d4f-dda6-48c7-849d-ceec40a6b3a1', '3861eca1-4763-4270-a1d5-a7c101381b14', 0.001800000000000000);
INSERT INTO transactions (id, account, asset, amount) VALUES ('b8375c48-3896-4cd5-bb0a-b2b5e71d56f8', '6ac6eea5-52ef-418c-ba9e-fb41790a8924', '7b2d9229-9c91-41ec-ac19-32804cf3b5e9', -342.340000000000000000);
INSERT INTO transactions (id, account, asset, amount) VALUES ('abed6f34-bf22-483c-914f-f719072dc196', '6ac6eea5-52ef-418c-ba9e-fb41790a8924', '7b2d9229-9c91-41ec-ac19-32804cf3b5e9', -542.340000000000000000);
INSERT INTO transactions (id, account, asset, amount) VALUES ('adc2f988-d659-454d-8821-4d36f1affe38', '6ac6eea5-52ef-418c-ba9e-fb41790a8924', '7b2d9229-9c91-41ec-ac19-32804cf3b5e9', -642.340000000000000000);
INSERT INTO transactions (id, account, asset, amount) VALUES ('5740e34b-65a6-4639-903f-a8b1d3925211', '6ac6eea5-52ef-418c-ba9e-fb41790a8924', '7b2d9229-9c91-41ec-ac19-32804cf3b5e9', -544.340000000000000000);
INSERT INTO transactions (id, account, asset, amount) VALUES ('5674f731-86af-4bbb-a4df-d9f61368b9f1', '6ac6eea5-52ef-418c-ba9e-fb41790a8924', '7b2d9229-9c91-41ec-ac19-32804cf3b5e9', -1544.340000000000000000);
INSERT INTO transactions (id, account, asset, amount) VALUES ('aa6a7569-dd36-4a8d-a85a-689fd2b2beda', '6ac6eea5-52ef-418c-ba9e-fb41790a8924', '7b2d9229-9c91-41ec-ac19-32804cf3b5e9', -144.340000000000000000);
INSERT INTO transactions (id, account, asset, amount) VALUES ('bb528e97-1e8d-441d-9314-301bc2d17fd4', '6ac6eea5-52ef-418c-ba9e-fb41790a8924', '7b2d9229-9c91-41ec-ac19-32804cf3b5e9', -1234.340000000000000000);
INSERT INTO transactions (id, account, asset, amount) VALUES ('fb8b0b19-c65e-4680-8b41-a28fd37404fd', '6ac6eea5-52ef-418c-ba9e-fb41790a8924', '7b2d9229-9c91-41ec-ac19-32804cf3b5e9', -234.340000000000000000);
INSERT INTO transactions (id, account, asset, amount) VALUES ('6cd1a292-13dd-47a6-a9e0-d5f78e0d2fe3', '6ac6eea5-52ef-418c-ba9e-fb41790a8924', '7b2d9229-9c91-41ec-ac19-32804cf3b5e9', -234.340000000000000000);
INSERT INTO transactions (id, account, asset, amount) VALUES ('ecd6c7a5-5808-4fcf-9864-bf914747dd16', '6ac6eea5-52ef-418c-ba9e-fb41790a8924', '7b2d9229-9c91-41ec-ac19-32804cf3b5e9', -234.340000000000000000);
INSERT INTO transactions (id, account, asset, amount) VALUES ('e64aebff-6f17-473e-854e-417b11a30af7', '6ac6eea5-52ef-418c-ba9e-fb41790a8924', '7b2d9229-9c91-41ec-ac19-32804cf3b5e9', -134.340000000000000000);
INSERT INTO transactions (id, account, asset, amount) VALUES ('8bad8099-fb91-4b2b-8295-ee9904a919d6', '6ac6eea5-52ef-418c-ba9e-fb41790a8924', '7b2d9229-9c91-41ec-ac19-32804cf3b5e9', -134.340000000000000000);
INSERT INTO transactions (id, account, asset, amount) VALUES ('37d5363f-dbf2-4dfd-b193-a8bac7d2793c', '6ac6eea5-52ef-418c-ba9e-fb41790a8924', '7b2d9229-9c91-41ec-ac19-32804cf3b5e9', -134.330000000000000000);
INSERT INTO transactions (id, account, asset, amount) VALUES ('d99d424d-0bea-46b8-8b3f-7cfec0555684', '6ac6eea5-52ef-418c-ba9e-fb41790a8924', '7b2d9229-9c91-41ec-ac19-32804cf3b5e9', -334.330000000000000000);
INSERT INTO transactions (id, account, asset, amount) VALUES ('549babb9-12df-43b4-9b79-6272fb2920b0', '6ac6eea5-52ef-418c-ba9e-fb41790a8924', '7b2d9229-9c91-41ec-ac19-32804cf3b5e9', -234.330000000000000000);
INSERT INTO transactions (id, account, asset, amount) VALUES ('ac80e455-a203-448f-90bb-beff399df579', '6ac6eea5-52ef-418c-ba9e-fb41790a8924', '7b2d9229-9c91-41ec-ac19-32804cf3b5e9', -1334.330000000000000000);
INSERT INTO transactions (id, account, asset, amount) VALUES ('54013254-a032-4f64-9976-d68204554ba7', '6ac6eea5-52ef-418c-ba9e-fb41790a8924', '7b2d9229-9c91-41ec-ac19-32804cf3b5e9', -334.330000000000000000);
INSERT INTO transactions (id, account, asset, amount) VALUES ('872cae0d-981b-453c-9b91-8839876a6ea3', '6ac6eea5-52ef-418c-ba9e-fb41790a8924', '7b2d9229-9c91-41ec-ac19-32804cf3b5e9', -534.330000000000000000);
INSERT INTO transactions (id, account, asset, amount) VALUES ('ac22d7ff-0129-49c4-b36d-fe68406e9f4a', '6ac6eea5-52ef-418c-ba9e-fb41790a8924', '7b2d9229-9c91-41ec-ac19-32804cf3b5e9', -543.120000000000000000);
INSERT INTO transactions (id, account, asset, amount) VALUES ('085b0b14-d4b6-4240-8c97-34334cc5ee03', '6ac6eea5-52ef-418c-ba9e-fb41790a8924', '7b2d9229-9c91-41ec-ac19-32804cf3b5e9', -523.120000000000000000);
INSERT INTO transactions (id, account, asset, amount) VALUES ('ec8b4f2a-2a2a-4fbf-a926-75cbda2f2213', '6ac6eea5-52ef-418c-ba9e-fb41790a8924', '7b2d9229-9c91-41ec-ac19-32804cf3b5e9', -123.120000000000000000);
INSERT INTO transactions (id, account, asset, amount) VALUES ('d1cb4fcf-7d3d-4890-8c3e-3ed1dd12422f', '6ac6eea5-52ef-418c-ba9e-fb41790a8924', '7b2d9229-9c91-41ec-ac19-32804cf3b5e9', -83.120000000000000000);
INSERT INTO transactions (id, account, asset, amount) VALUES ('c8297b49-cd03-44f4-99ea-1af795d69252', '6ac6eea5-52ef-418c-ba9e-fb41790a8924', '7b2d9229-9c91-41ec-ac19-32804cf3b5e9', -883.120000000000000000);
INSERT INTO transactions (id, account, asset, amount) VALUES ('55c48de1-e79f-4314-a189-6ce4813a1ad0', '6ac6eea5-52ef-418c-ba9e-fb41790a8924', '7b2d9229-9c91-41ec-ac19-32804cf3b5e9', -483.120000000000000000);
INSERT INTO transactions (id, account, asset, amount) VALUES ('4ddc0d59-20ee-4635-99e5-3f5b4cb20cab', '6ac6eea5-52ef-418c-ba9e-fb41790a8924', '7b2d9229-9c91-41ec-ac19-32804cf3b5e9', -345.550000000000000000);
INSERT INTO transactions (id, account, asset, amount) VALUES ('cd6e78b9-0179-4529-a56f-849a207c9725', '6ac6eea5-52ef-418c-ba9e-fb41790a8924', '7b2d9229-9c91-41ec-ac19-32804cf3b5e9', -455.000000000000000000);
INSERT INTO transactions (id, account, asset, amount) VALUES ('07243052-81a2-4c08-b42c-6805aa820296', '6ac6eea5-52ef-418c-ba9e-fb41790a8924', '7b2d9229-9c91-41ec-ac19-32804cf3b5e9', -10276.110000000000000000);
INSERT INTO transactions (id, account, asset, amount) VALUES ('b6b25a04-6a83-4520-9dac-960688ac247f', '6ac6eea5-52ef-418c-ba9e-fb41790a8924', '7b2d9229-9c91-41ec-ac19-32804cf3b5e9', -4276.110000000000000000);
INSERT INTO transactions (id, account, asset, amount) VALUES ('54d145b9-f5d1-4d29-9289-9e300c3880de', '6ac6eea5-52ef-418c-ba9e-fb41790a8924', '7b2d9229-9c91-41ec-ac19-32804cf3b5e9', -4276.110000000000000000);
INSERT INTO transactions (id, account, asset, amount) VALUES ('9c961635-af60-46bc-a843-d3a372faacc3', '6ac6eea5-52ef-418c-ba9e-fb41790a8924', '7b2d9229-9c91-41ec-ac19-32804cf3b5e9', -476.110000000000000000);
INSERT INTO transactions (id, account, asset, amount) VALUES ('c9b7b211-90b2-4106-8673-4fb214c9c623', '6ac6eea5-52ef-418c-ba9e-fb41790a8924', '7b2d9229-9c91-41ec-ac19-32804cf3b5e9', -76.110000000000000000);
INSERT INTO transactions (id, account, asset, amount) VALUES ('99434105-e90d-45b8-8733-fac92bad14eb', '6ac6eea5-52ef-418c-ba9e-fb41790a8924', '7b2d9229-9c91-41ec-ac19-32804cf3b5e9', -766.110000000000000000);
INSERT INTO transactions (id, account, asset, amount) VALUES ('73c4b965-ad94-4241-b8ce-bf8baa092958', '6ac6eea5-52ef-418c-ba9e-fb41790a8924', '7b2d9229-9c91-41ec-ac19-32804cf3b5e9', -7666.110000000000000000);
INSERT INTO transactions (id, account, asset, amount) VALUES ('f52c41ed-8479-403f-8a20-4c3c74500b85', '6ac6eea5-52ef-418c-ba9e-fb41790a8924', '7b2d9229-9c91-41ec-ac19-32804cf3b5e9', -1666.110000000000000000);
INSERT INTO transactions (id, account, asset, amount) VALUES ('fc016bc2-3799-4132-9860-065d90cc5045', '6ac6eea5-52ef-418c-ba9e-fb41790a8924', '7b2d9229-9c91-41ec-ac19-32804cf3b5e9', -1436.110000000000000000);
INSERT INTO transactions (id, account, asset, amount) VALUES ('830188af-1d1b-4172-89f0-149dd1482732', '6ac6eea5-52ef-418c-ba9e-fb41790a8924', '7b2d9229-9c91-41ec-ac19-32804cf3b5e9', -3436.110000000000000000);
INSERT INTO transactions (id, account, asset, amount) VALUES ('4656a1b5-8b01-4663-b909-a2efccceb605', '6ac6eea5-52ef-418c-ba9e-fb41790a8924', '7b2d9229-9c91-41ec-ac19-32804cf3b5e9', -3536.110000000000000000);
INSERT INTO transactions (id, account, asset, amount) VALUES ('dc68d1cb-2485-4be6-a8a6-c4f6f4d75528', '6ac6eea5-52ef-418c-ba9e-fb41790a8924', '7b2d9229-9c91-41ec-ac19-32804cf3b5e9', -3636.110000000000000000);
INSERT INTO transactions (id, account, asset, amount) VALUES ('c22408d9-00b6-4512-b83d-9aaa3e0f8189', '6ac6eea5-52ef-418c-ba9e-fb41790a8924', '7b2d9229-9c91-41ec-ac19-32804cf3b5e9', -3636.110000000000000000);
INSERT INTO transactions (id, account, asset, amount) VALUES ('6fa87b09-883d-4423-8df6-9b3562f197b1', '6ac6eea5-52ef-418c-ba9e-fb41790a8924', '7b2d9229-9c91-41ec-ac19-32804cf3b5e9', -636.110000000000000000);
INSERT INTO transactions (id, account, asset, amount) VALUES ('ecfc4043-e000-4db2-a542-2a1bb2a3ac14', '6ac6eea5-52ef-418c-ba9e-fb41790a8924', '7b2d9229-9c91-41ec-ac19-32804cf3b5e9', -1636.110000000000000000);
INSERT INTO transactions (id, account, asset, amount) VALUES ('62b8e7f5-a678-4b26-a74f-daa5ba7b14aa', '6ac6eea5-52ef-418c-ba9e-fb41790a8924', '7b2d9229-9c91-41ec-ac19-32804cf3b5e9', -3636.110000000000000000);
INSERT INTO transactions (id, account, asset, amount) VALUES ('a1180513-4589-406a-9e2c-0577c93677be', '6ac6eea5-52ef-418c-ba9e-fb41790a8924', '7b2d9229-9c91-41ec-ac19-32804cf3b5e9', -336.110000000000000000);
INSERT INTO transactions (id, account, asset, amount) VALUES ('ac6df65d-a964-48df-886e-947f49c97405', '6ac6eea5-52ef-418c-ba9e-fb41790a8924', '7b2d9229-9c91-41ec-ac19-32804cf3b5e9', -29999.990000000000000000);
INSERT INTO transactions (id, account, asset, amount) VALUES ('a9526ee7-8a1f-4f94-8cb0-29128db235f1', '7f5199de-5275-4fba-a6e6-f181bf04bf5f', '7b2d9229-9c91-41ec-ac19-32804cf3b5e9', -12000.000000000000000000);
INSERT INTO transactions (id, account, asset, amount) VALUES ('68aa82d5-d027-46b4-a7a9-0057b5828e47', '7f5199de-5275-4fba-a6e6-f181bf04bf5f', '7b2d9229-9c91-41ec-ac19-32804cf3b5e9', -120.000000000000000000);
INSERT INTO transactions (id, account, asset, amount) VALUES ('bcc03c67-d6d9-423f-b02f-39e7aecb5def', '7f5199de-5275-4fba-a6e6-f181bf04bf5f', '7b2d9229-9c91-41ec-ac19-32804cf3b5e9', -150.000000000000000000);
INSERT INTO transactions (id, account, asset, amount) VALUES ('58cffd36-43ca-49fd-9780-64ad82326b0a', '7f5199de-5275-4fba-a6e6-f181bf04bf5f', '7b2d9229-9c91-41ec-ac19-32804cf3b5e9', -874.440000000000000000);
